,season,year,month,holiday,weekday,weather,temperature,humidity,windspeed
0,1,0,1,0,6,2,0.344167,0.805833,0.160446
1,1,0,1,0,0,2,0.363478,0.696087,0.248539
2,1,0,1,0,1,1,0.196364,0.437273,0.248309
3,1,0,1,0,2,1,0.2,0.590435,0.160296
4,1,0,1,0,3,1,0.226957,0.436957,0.1869
5,1,0,1,0,4,1,0.204348,0.518261,0.0895652
6,1,0,1,0,5,2,0.196522,0.498696,0.168726
7,1,0,1,0,6,2,0.165,0.535833,0.266804
8,1,0,1,0,0,1,0.138333,0.434167,0.36195
9,1,0,1,0,1,1,0.150833,0.482917,0.223267
10,1,0,1,0,2,2,0.169091,0.686364,0.122132
11,1,0,1,0,3,1,0.172727,0.599545,0.304627
12,1,0,1,0,4,1,0.165,0.470417,0.301
13,1,0,1,0,5,1,0.16087,0.537826,0.126548
14,1,0,1,0,6,2,0.233333,0.49875,0.157963
15,1,0,1,0,0,1,0.231667,0.48375,0.188433
16,1,0,1,1,1,2,0.175833,0.5375,0.194017
17,1,0,1,0,2,2,0.216667,0.861667,0.146775
18,1,0,1,0,3,2,0.292174,0.741739,0.208317
19,1,0,1,0,4,2,0.261667,0.538333,0.195904
20,1,0,1,0,5,1,0.1775,0.457083,0.353242
21,1,0,1,0,6,1,0.0591304,0.4,0.17197
22,1,0,1,0,0,1,0.0965217,0.436522,0.2466
23,1,0,1,0,1,1,0.0973913,0.491739,0.15833
24,1,0,1,0,2,2,0.223478,0.616957,0.129796
25,1,0,1,0,3,3,0.2175,0.8625,0.29385
26,1,0,1,0,4,1,0.195,0.6875,0.113837
27,1,0,1,0,5,2,0.203478,0.793043,0.1233
28,1,0,1,0,6,1,0.196522,0.651739,0.145365
29,1,0,1,0,0,1,0.216522,0.722174,0.0739826
30,1,0,1,0,1,2,0.180833,0.60375,0.187192
31,1,0,2,0,2,2,0.192174,0.829565,0.053213
32,1,0,2,0,3,2,0.26,0.775417,0.264308
33,1,0,2,0,4,1,0.186957,0.437826,0.277752
34,1,0,2,0,5,2,0.211304,0.585217,0.127839
35,1,0,2,0,6,2,0.233333,0.929167,0.161079
36,1,0,2,0,0,1,0.285833,0.568333,0.1418
37,1,0,2,0,1,1,0.271667,0.738333,0.0454083
38,1,0,2,0,2,1,0.220833,0.537917,0.36195
39,1,0,2,0,3,2,0.134783,0.494783,0.188839
40,1,0,2,0,4,1,0.144348,0.437391,0.221935
41,1,0,2,0,5,1,0.189091,0.506364,0.10855
42,1,0,2,0,6,1,0.2225,0.544167,0.203367
43,1,0,2,0,0,1,0.316522,0.457391,0.260883
44,1,0,2,0,2,1,0.266087,0.314348,0.291374
45,1,0,2,0,3,1,0.318261,0.423478,0.251791
46,1,0,2,0,4,1,0.435833,0.505,0.230104
47,1,0,2,0,5,1,0.521667,0.516667,0.264925
48,1,0,2,0,6,1,0.399167,0.187917,0.507463
49,1,0,2,0,0,1,0.285217,0.407826,0.223235
50,1,0,2,1,1,2,0.303333,0.605,0.307846
51,1,0,2,0,2,1,0.182222,0.577778,0.195683
52,1,0,2,0,3,1,0.221739,0.423043,0.094113
53,1,0,2,0,4,2,0.295652,0.697391,0.250496
54,1,0,2,0,5,2,0.364348,0.712174,0.346539
55,1,0,2,0,6,1,0.2825,0.537917,0.186571
56,1,0,2,0,0,1,0.343478,0.68,0.125248
57,1,0,2,0,1,2,0.407273,0.876364,0.289686
58,1,0,3,0,2,1,0.266667,0.535,0.216425
59,1,0,3,0,3,1,0.335,0.449583,0.307833
60,1,0,3,0,4,1,0.198333,0.318333,0.225754
61,1,0,3,0,5,2,0.261667,0.610417,0.203346
62,1,0,3,0,6,2,0.384167,0.789167,0.251871
63,1,0,3,0,0,2,0.376522,0.948261,0.343287
64,1,0,3,0,1,1,0.261739,0.551304,0.341352
65,1,0,3,0,2,1,0.2925,0.420833,0.12065
66,1,0,3,0,3,2,0.295833,0.775417,0.22015
67,1,0,3,0,4,3,0.389091,0.0,0.261877
68,1,0,3,0,5,2,0.316522,0.649565,0.23297
69,1,0,3,0,6,1,0.329167,0.594583,0.220775
70,1,0,3,0,0,1,0.384348,0.527391,0.270604
71,1,0,3,0,1,1,0.325217,0.496957,0.136926
72,1,0,3,0,2,2,0.317391,0.655652,0.184309
73,1,0,3,0,3,2,0.365217,0.776522,0.203117
74,1,0,3,0,4,1,0.415,0.602917,0.209579
75,1,0,3,0,5,1,0.54,0.525217,0.231017
76,1,0,3,0,6,1,0.4725,0.379167,0.368167
77,1,0,3,0,0,1,0.3325,0.47375,0.207721
78,2,0,3,0,1,2,0.430435,0.737391,0.288783
79,2,0,3,0,2,1,0.441667,0.624583,0.22575
80,2,0,3,0,3,2,0.346957,0.839565,0.234261
81,2,0,3,0,4,2,0.285,0.805833,0.243787
82,2,0,3,0,5,1,0.264167,0.495,0.230725
83,2,0,3,0,6,1,0.265833,0.394167,0.209571
84,2,0,3,0,0,2,0.253043,0.493913,0.1843
85,2,0,3,0,1,1,0.264348,0.302174,0.212204
86,2,0,3,0,2,1,0.3025,0.314167,0.226996
87,2,0,3,0,3,2,0.3,0.646667,0.172888
88,2,0,3,0,4,3,0.268333,0.918333,0.217646
89,2,0,4,0,5,2,0.3,0.68625,0.258708
90,2,0,4,0,6,2,0.315,0.65375,0.197146
91,2,0,4,0,0,1,0.378333,0.48,0.182213
92,2,0,4,0,1,1,0.573333,0.42625,0.385571
93,2,0,4,0,2,2,0.414167,0.642083,0.388067
94,2,0,4,0,3,1,0.390833,0.470833,0.263063
95,2,0,4,0,4,1,0.4375,0.602917,0.162312
96,2,0,4,0,5,2,0.335833,0.83625,0.226992
97,2,0,4,0,6,2,0.3425,0.8775,0.133083
98,2,0,4,0,0,2,0.426667,0.8575,0.146767
99,2,0,4,0,1,2,0.595652,0.716956,0.324474
100,2,0,4,0,2,2,0.5025,0.739167,0.274879
101,2,0,4,0,3,2,0.4125,0.819167,0.250617
102,2,0,4,0,4,1,0.4675,0.540417,0.1107
103,2,0,4,1,5,1,0.446667,0.67125,0.226375
104,2,0,4,0,6,3,0.430833,0.888333,0.340808
105,2,0,4,0,0,1,0.456667,0.479583,0.303496
106,2,0,4,0,1,1,0.5125,0.5425,0.163567
107,2,0,4,0,2,2,0.505833,0.665833,0.157971
108,2,0,4,0,3,1,0.595,0.614167,0.241925
109,2,0,4,0,4,1,0.459167,0.407083,0.325258
110,2,0,4,0,5,2,0.336667,0.729583,0.219521
111,2,0,4,0,6,2,0.46,0.887917,0.230725
112,2,0,4,0,0,2,0.581667,0.810833,0.192175
113,2,0,4,0,1,1,0.606667,0.776667,0.185333
114,2,0,4,0,2,1,0.631667,0.729167,0.3265
115,2,0,4,0,3,2,0.62,0.835417,0.3122
116,2,0,4,0,4,2,0.6175,0.700833,0.320908
117,2,0,4,0,5,1,0.51,0.457083,0.240063
118,2,0,4,0,6,1,0.4725,0.503333,0.235075
119,2,0,5,0,0,2,0.451667,0.762083,0.106354
120,2,0,5,0,1,2,0.549167,0.73,0.183454
121,2,0,5,0,2,2,0.616667,0.697083,0.342667
122,2,0,5,0,3,2,0.414167,0.737083,0.328996
123,2,0,5,0,4,1,0.459167,0.444167,0.295392
124,2,0,5,0,5,1,0.479167,0.59,0.228246
125,2,0,5,0,6,1,0.52,0.54125,0.16045
126,2,0,5,0,0,1,0.528333,0.631667,0.0746375
127,2,0,5,0,1,1,0.5325,0.58875,0.176
128,2,0,5,0,2,1,0.5325,0.489167,0.115671
129,2,0,5,0,3,1,0.5425,0.632917,0.120642
130,2,0,5,0,4,1,0.535,0.7475,0.189667
131,2,0,5,0,5,2,0.5125,0.863333,0.179725
132,2,0,5,0,6,2,0.520833,0.9225,0.13495
133,2,0,5,0,0,2,0.5625,0.867083,0.152979
134,2,0,5,0,1,1,0.5775,0.787917,0.126871
135,2,0,5,0,2,2,0.561667,0.837917,0.277354
136,2,0,5,0,3,2,0.55,0.87,0.201492
137,2,0,5,0,4,2,0.530833,0.829583,0.108213
138,2,0,5,0,5,1,0.536667,0.719583,0.125013
139,2,0,5,0,6,1,0.6025,0.626667,0.12065
140,2,0,5,0,0,1,0.604167,0.749583,0.148008
141,2,0,5,0,1,2,0.631667,0.81,0.233842
142,2,0,5,0,2,2,0.66,0.740833,0.207092
143,2,0,5,0,3,1,0.660833,0.69625,0.154233
144,2,0,5,0,4,1,0.708333,0.6775,0.199642
145,2,0,5,0,5,1,0.681667,0.65375,0.240679
146,2,0,5,0,6,1,0.655833,0.729583,0.230092
147,2,0,5,0,0,1,0.6675,0.81875,0.213938
148,2,0,5,1,1,1,0.733333,0.685,0.131225
149,2,0,5,0,2,1,0.775,0.636667,0.111329
150,2,0,6,0,3,2,0.764167,0.677083,0.207092
151,2,0,6,0,4,1,0.715,0.305,0.292287
152,2,0,6,0,5,1,0.62,0.354167,0.253121
153,2,0,6,0,6,1,0.635,0.45625,0.123142
154,2,0,6,0,0,2,0.648333,0.6525,0.138692
155,2,0,6,0,1,1,0.678333,0.6,0.121896
156,2,0,6,0,2,1,0.7075,0.597917,0.187808
157,2,0,6,0,3,1,0.775833,0.622083,0.136817
158,2,0,6,0,4,2,0.808333,0.568333,0.149883
159,2,0,6,0,5,1,0.755,0.605,0.140554
160,2,0,6,0,6,1,0.725,0.654583,0.15485
161,2,0,6,0,0,1,0.6925,0.747917,0.163567
162,2,0,6,0,1,1,0.635,0.494583,0.30535
163,2,0,6,0,2,1,0.604167,0.507083,0.269283
164,2,0,6,0,3,1,0.626667,0.471667,0.167912
165,2,0,6,0,4,2,0.628333,0.688333,0.206471
166,2,0,6,0,5,1,0.649167,0.735833,0.143029
167,2,0,6,0,6,1,0.696667,0.670417,0.119408
168,2,0,6,0,0,2,0.699167,0.666667,0.102
169,2,0,6,0,1,2,0.635,0.74625,0.155475
170,3,0,6,0,2,2,0.680833,0.770417,0.171025
171,3,0,6,0,3,1,0.733333,0.7075,0.172262
172,3,0,6,0,4,2,0.728333,0.703333,0.238804
173,3,0,6,0,5,1,0.724167,0.573333,0.222025
174,3,0,6,0,6,1,0.695,0.483333,0.209571
175,3,0,6,0,0,1,0.68,0.513333,0.0945333
176,3,0,6,0,1,2,0.6825,0.658333,0.107588
177,3,0,6,0,2,1,0.744167,0.634167,0.144283
178,3,0,6,0,3,1,0.728333,0.497917,0.261821
179,3,0,6,0,4,1,0.696667,0.434167,0.185312
180,3,0,7,0,5,1,0.7225,0.39625,0.102608
181,3,0,7,0,6,1,0.738333,0.444583,0.115062
182,3,0,7,0,0,2,0.716667,0.6825,0.228858
183,3,0,7,1,1,2,0.726667,0.637917,0.0814792
184,3,0,7,0,2,1,0.746667,0.590417,0.126258
185,3,0,7,0,3,1,0.72,0.743333,0.149883
186,3,0,7,0,4,1,0.75,0.65125,0.1592
187,3,0,7,0,5,2,0.709167,0.757917,0.225129
188,3,0,7,0,6,1,0.733333,0.609167,0.167912
189,3,0,7,0,0,1,0.7475,0.578333,0.183471
190,3,0,7,0,1,1,0.7625,0.635833,0.282337
191,3,0,7,0,2,1,0.794167,0.559167,0.200254
192,3,0,7,0,3,1,0.746667,0.631667,0.146133
193,3,0,7,0,4,1,0.680833,0.47625,0.240667
194,3,0,7,0,5,1,0.663333,0.59125,0.182833
195,3,0,7,0,6,1,0.686667,0.585,0.208342
196,3,0,7,0,0,1,0.719167,0.604167,0.245033
197,3,0,7,0,1,1,0.746667,0.65125,0.215804
198,3,0,7,0,2,1,0.776667,0.650417,0.1306
199,3,0,7,0,3,1,0.768333,0.707083,0.113817
200,3,0,7,0,4,2,0.815,0.69125,0.222021
201,3,0,7,0,5,1,0.848333,0.580417,0.1331
202,3,0,7,0,6,1,0.849167,0.5,0.131221
203,3,0,7,0,0,1,0.83,0.550833,0.169171
204,3,0,7,0,1,1,0.743333,0.757083,0.0908083
205,3,0,7,0,2,1,0.771667,0.540833,0.200258
206,3,0,7,0,3,1,0.775,0.402917,0.183463
207,3,0,7,0,4,1,0.779167,0.583333,0.178479
208,3,0,7,0,5,1,0.838333,0.5425,0.174138
209,3,0,7,0,6,1,0.804167,0.465833,0.168537
210,3,0,7,0,0,1,0.805833,0.480833,0.164813
211,3,0,8,0,1,1,0.771667,0.550833,0.156717
212,3,0,8,0,2,1,0.783333,0.49125,0.20585
213,3,0,8,0,3,2,0.731667,0.6575,0.135583
214,3,0,8,0,4,2,0.71,0.7575,0.19715
215,3,0,8,0,5,1,0.710833,0.630833,0.184696
216,3,0,8,0,6,2,0.716667,0.755,0.22825
217,3,0,8,0,0,1,0.7425,0.752917,0.201487
218,3,0,8,0,1,1,0.765,0.592083,0.192175
219,3,0,8,0,2,1,0.775,0.570417,0.151121
220,3,0,8,0,3,1,0.766667,0.424167,0.200258
221,3,0,8,0,4,1,0.7175,0.42375,0.164796
222,3,0,8,0,5,1,0.708333,0.415,0.125621
223,3,0,8,0,6,2,0.685833,0.729583,0.211454
224,3,0,8,0,0,2,0.676667,0.8175,0.222633
225,3,0,8,0,1,1,0.665833,0.712083,0.208954
226,3,0,8,0,2,1,0.700833,0.578333,0.236329
227,3,0,8,0,3,1,0.723333,0.575417,0.143667
228,3,0,8,0,4,1,0.711667,0.654583,0.233208
229,3,0,8,0,5,2,0.685,0.722917,0.139308
230,3,0,8,0,6,1,0.6975,0.674167,0.104467
231,3,0,8,0,0,1,0.710833,0.77,0.248754
232,3,0,8,0,1,1,0.691667,0.47,0.27675
233,3,0,8,0,2,1,0.640833,0.455417,0.146763
234,3,0,8,0,3,1,0.673333,0.605,0.253108
235,3,0,8,0,4,2,0.684167,0.771667,0.210833
236,3,0,8,0,5,1,0.7,0.76125,0.0839625
237,3,0,8,0,6,2,0.68,0.85,0.375617
238,3,0,8,0,0,1,0.707059,0.561765,0.304659
239,3,0,8,0,1,1,0.636667,0.554583,0.159825
240,3,0,8,0,2,1,0.639167,0.548333,0.125008
241,3,0,8,0,3,1,0.656667,0.597917,0.0833333
242,3,0,9,0,4,1,0.655,0.639167,0.141796
243,3,0,9,0,5,2,0.643333,0.727083,0.139929
244,3,0,9,0,6,1,0.669167,0.716667,0.185325
245,3,0,9,0,0,1,0.709167,0.742083,0.206467
246,3,0,9,1,1,2,0.673333,0.790417,0.212696
247,3,0,9,0,2,3,0.54,0.886957,0.343943
248,3,0,9,0,3,3,0.599167,0.917083,0.0970208
249,3,0,9,0,4,3,0.633913,0.939565,0.192748
250,3,0,9,0,5,2,0.65,0.897917,0.124379
251,3,0,9,0,6,1,0.66,0.75375,0.153608
252,3,0,9,0,0,1,0.653333,0.71375,0.115054
253,3,0,9,0,1,1,0.644348,0.692174,0.088913
254,3,0,9,0,2,1,0.650833,0.7125,0.141804
255,3,0,9,0,3,1,0.673333,0.697083,0.1673
256,3,0,9,0,4,2,0.5775,0.709167,0.271146
257,3,0,9,0,5,2,0.469167,0.590417,0.164183
258,3,0,9,0,6,2,0.491667,0.718333,0.189675
259,3,0,9,0,0,1,0.5075,0.695,0.178483
260,3,0,9,0,1,2,0.549167,0.69,0.151742
261,3,0,9,0,2,2,0.561667,0.88125,0.134954
262,3,0,9,0,3,2,0.595,0.9,0.0964042
263,3,0,9,0,4,2,0.628333,0.902083,0.128125
264,4,0,9,0,5,2,0.609167,0.9725,0.0783667
265,4,0,9,0,6,2,0.606667,0.8625,0.0783833
266,4,0,9,0,0,2,0.634167,0.845,0.0503792
267,4,0,9,0,1,2,0.649167,0.848333,0.1107
268,4,0,9,0,2,2,0.636667,0.885417,0.118171
269,4,0,9,0,3,2,0.635,0.84875,0.148629
270,4,0,9,0,4,1,0.616667,0.699167,0.172883
271,4,0,9,0,5,1,0.564167,0.6475,0.206475
272,4,0,10,0,6,2,0.41,0.75375,0.292296
273,4,0,10,0,0,2,0.356667,0.791667,0.222013
274,4,0,10,0,1,2,0.384167,0.760833,0.0833458
275,4,0,10,0,2,1,0.484167,0.71,0.205854
276,4,0,10,0,3,1,0.538333,0.647917,0.17725
277,4,0,10,0,4,1,0.494167,0.620833,0.134954
278,4,0,10,0,5,1,0.510833,0.684167,0.0223917
279,4,0,10,0,6,1,0.521667,0.70125,0.0454042
280,4,0,10,0,0,1,0.540833,0.7275,0.06345
281,4,0,10,1,1,1,0.570833,0.73375,0.0423042
282,4,0,10,0,2,2,0.566667,0.80875,0.143042
283,4,0,10,0,3,3,0.543333,0.90625,0.24815
284,4,0,10,0,4,2,0.589167,0.896667,0.141787
285,4,0,10,0,5,2,0.550833,0.71625,0.223883
286,4,0,10,0,6,1,0.506667,0.483333,0.258083
287,4,0,10,0,0,1,0.511667,0.486667,0.281717
288,4,0,10,0,1,1,0.534167,0.579583,0.175379
289,4,0,10,0,3,3,0.541739,0.895217,0.243339
290,4,0,10,0,4,1,0.475833,0.63625,0.422275
291,4,0,10,0,5,1,0.4275,0.574167,0.221396
292,4,0,10,0,6,1,0.4225,0.629167,0.0926667
293,4,0,10,0,0,1,0.421667,0.74125,0.0995125
294,4,0,10,0,1,1,0.463333,0.772083,0.118792
295,4,0,10,0,2,1,0.471667,0.622917,0.166658
296,4,0,10,0,3,2,0.484167,0.720417,0.148642
297,4,0,10,0,4,2,0.47,0.812917,0.197763
298,4,0,10,0,5,2,0.330833,0.585833,0.229479
299,4,0,10,0,6,3,0.254167,0.8825,0.351371
300,4,0,10,0,0,1,0.319167,0.62375,0.176617
301,4,0,10,0,1,1,0.34,0.703333,0.10635
302,4,0,11,0,2,1,0.400833,0.68375,0.135571
303,4,0,11,0,3,1,0.3775,0.71875,0.0820917
304,4,0,11,0,4,1,0.408333,0.702083,0.136817
305,4,0,11,0,5,2,0.403333,0.6225,0.271779
306,4,0,11,0,6,1,0.326667,0.519167,0.189062
307,4,0,11,0,0,1,0.348333,0.734583,0.0920542
308,4,0,11,0,1,1,0.395,0.75875,0.057225
309,4,0,11,0,2,1,0.408333,0.721667,0.0690375
310,4,0,11,0,3,1,0.4,0.758333,0.0621958
311,4,0,11,0,4,2,0.38,0.813333,0.189067
312,4,0,11,1,5,1,0.324167,0.44625,0.314675
313,4,0,11,0,6,1,0.356667,0.552917,0.212062
314,4,0,11,0,0,1,0.440833,0.458333,0.281721
315,4,0,11,0,1,1,0.53,0.587083,0.306596
316,4,0,11,0,2,2,0.53,0.68875,0.199633
317,4,0,11,0,3,3,0.456667,0.93,0.136829
318,4,0,11,0,4,2,0.341667,0.575833,0.305362
319,4,0,11,0,5,1,0.274167,0.41,0.168533
320,4,0,11,0,6,1,0.329167,0.502083,0.224496
321,4,0,11,0,0,2,0.463333,0.684583,0.18595
322,4,0,11,0,1,3,0.4475,0.91,0.138054
323,4,0,11,0,2,3,0.416667,0.9625,0.118792
324,4,0,11,0,3,2,0.440833,0.757917,0.335825
325,4,0,11,1,4,1,0.373333,0.549167,0.167304
326,4,0,11,0,5,1,0.375,0.64375,0.0988958
327,4,0,11,0,6,1,0.375833,0.681667,0.0684208
328,4,0,11,0,0,1,0.459167,0.698333,0.208954
329,4,0,11,0,1,1,0.503478,0.743043,0.142122
330,4,0,11,0,2,2,0.458333,0.830833,0.258092
331,4,0,11,0,3,1,0.325,0.613333,0.271158
332,4,0,12,0,4,1,0.3125,0.524583,0.220158
333,4,0,12,0,5,1,0.314167,0.625833,0.100754
334,4,0,12,0,6,1,0.299167,0.612917,0.0957833
335,4,0,12,0,0,1,0.330833,0.775833,0.0839583
336,4,0,12,0,1,2,0.385833,0.827083,0.0622083
337,4,0,12,0,2,3,0.4625,0.949583,0.232583
338,4,0,12,0,3,3,0.41,0.970417,0.266175
339,4,0,12,0,4,1,0.265833,0.58,0.240058
340,4,0,12,0,5,1,0.290833,0.695833,0.0827167
341,4,0,12,0,6,1,0.275,0.5075,0.233221
342,4,0,12,0,0,1,0.220833,0.49,0.0665417
343,4,0,12,0,1,1,0.238333,0.670833,0.06345
344,4,0,12,0,2,1,0.2825,0.59,0.14055
345,4,0,12,0,3,2,0.3175,0.66375,0.0609583
346,4,0,12,0,4,2,0.4225,0.634167,0.268042
347,4,0,12,0,5,2,0.375,0.500417,0.260575
348,4,0,12,0,6,2,0.258333,0.560833,0.243167
349,4,0,12,0,0,1,0.238333,0.58625,0.169779
350,4,0,12,0,1,1,0.276667,0.6375,0.172896
351,4,0,12,0,2,2,0.385833,0.595417,0.0615708
352,1,0,12,0,3,2,0.428333,0.858333,0.2214
353,1,0,12,0,4,2,0.423333,0.7575,0.047275
354,1,0,12,0,5,1,0.373333,0.68625,0.274246
355,1,0,12,0,6,1,0.3025,0.5425,0.190304
356,1,0,12,0,0,1,0.274783,0.681304,0.155091
357,1,0,12,1,1,1,0.321739,0.506957,0.239465
358,1,0,12,0,2,2,0.325,0.7625,0.18845
359,1,0,12,0,3,1,0.29913,0.503913,0.293961
360,1,0,12,0,4,1,0.248333,0.574167,0.119412
361,1,0,12,0,5,1,0.311667,0.636667,0.134337
362,1,0,12,0,6,1,0.41,0.615833,0.220154
363,1,1,1,0,0,1,0.37,0.6925,0.192167
364,1,1,1,1,1,1,0.273043,0.381304,0.329665
365,1,1,1,0,2,1,0.15,0.44125,0.365671
366,1,1,1,0,3,2,0.1075,0.414583,0.1847
367,1,1,1,0,4,1,0.265833,0.524167,0.129987
368,1,1,1,0,5,1,0.334167,0.542083,0.167908
369,1,1,1,0,6,1,0.393333,0.531667,0.174758
370,1,1,1,0,0,1,0.3375,0.465,0.191542
371,1,1,1,0,1,2,0.224167,0.701667,0.0989
372,1,1,1,0,2,1,0.308696,0.646522,0.187552
373,1,1,1,0,3,2,0.274167,0.8475,0.131221
374,1,1,1,0,4,2,0.3825,0.802917,0.180967
375,1,1,1,0,5,1,0.274167,0.5075,0.378108
376,1,1,1,0,6,1,0.18,0.4575,0.187183
377,1,1,1,0,0,1,0.166667,0.419167,0.251258
378,1,1,1,0,2,2,0.373043,0.716087,0.34913
379,1,1,1,0,3,1,0.303333,0.443333,0.415429
380,1,1,1,0,4,1,0.19,0.4975,0.220158
381,1,1,1,0,5,2,0.2175,0.45,0.20275
382,1,1,1,0,6,2,0.173333,0.83125,0.222642
383,1,1,1,0,0,2,0.1625,0.79625,0.199638
384,1,1,1,0,1,2,0.218333,0.91125,0.110708
385,1,1,1,0,2,1,0.3425,0.835833,0.123767
386,1,1,1,0,3,1,0.294167,0.64375,0.161071
387,1,1,1,0,4,2,0.341667,0.769583,0.0733958
388,1,1,1,0,5,2,0.425,0.74125,0.342667
389,1,1,1,0,6,1,0.315833,0.543333,0.210829
390,1,1,1,0,0,1,0.2825,0.31125,0.24005
391,1,1,1,0,1,1,0.269167,0.400833,0.215792
392,1,1,1,0,2,1,0.39,0.416667,0.261817
393,1,1,2,0,3,1,0.469167,0.507917,0.189067
394,1,1,2,0,4,2,0.399167,0.672917,0.187187
395,1,1,2,0,5,1,0.313333,0.526667,0.178496
396,1,1,2,0,6,2,0.264167,0.779583,0.121896
397,1,1,2,0,0,2,0.265833,0.687917,0.175996
398,1,1,2,0,1,1,0.282609,0.622174,0.1538
399,1,1,2,0,2,1,0.354167,0.49625,0.147379
400,1,1,2,0,3,2,0.256667,0.722917,0.133721
401,1,1,2,0,4,1,0.265,0.562083,0.194037
402,1,1,2,0,6,3,0.224167,0.73125,0.289796
403,1,1,2,0,0,1,0.1275,0.464583,0.409212
404,1,1,2,0,1,1,0.2225,0.41125,0.167283
405,1,1,2,0,2,2,0.319167,0.50875,0.141179
406,1,1,2,0,3,1,0.348333,0.53125,0.1816
407,1,1,2,0,4,2,0.316667,0.752917,0.091425
408,1,1,2,0,5,1,0.343333,0.634583,0.205846
409,1,1,2,0,6,1,0.346667,0.534583,0.190929
410,1,1,2,0,0,2,0.28,0.515833,0.253112
411,1,1,2,1,1,1,0.28,0.507826,0.229083
412,1,1,2,0,2,1,0.287826,0.594348,0.205717
413,1,1,2,0,3,1,0.395833,0.567917,0.234471
414,1,1,2,0,5,2,0.4075,0.7375,0.237567
415,1,1,2,0,6,1,0.290833,0.395833,0.421642
416,1,1,2,0,0,1,0.279167,0.41,0.205229
417,1,1,2,0,1,1,0.366667,0.490833,0.268033
418,1,1,2,0,2,1,0.359167,0.395833,0.193417
419,1,1,2,0,3,2,0.344348,0.804783,0.179117
420,1,1,3,0,4,1,0.485833,0.615417,0.226987
421,1,1,3,0,5,2,0.353333,0.657083,0.144904
422,1,1,3,0,6,2,0.414167,0.62125,0.161079
423,1,1,3,0,0,1,0.325833,0.403333,0.334571
424,1,1,3,0,1,1,0.243333,0.50625,0.228858
425,1,1,3,0,4,1,0.5275,0.5675,0.441563
426,1,1,3,0,5,2,0.410833,0.407083,0.4148
427,1,1,3,0,6,1,0.2875,0.350417,0.22575
428,1,1,3,0,0,1,0.361739,0.476957,0.222587
429,1,1,3,0,1,1,0.466667,0.489167,0.207713
430,1,1,3,0,2,1,0.565,0.6175,0.23695
431,1,1,3,0,3,1,0.5725,0.507083,0.115062
432,1,1,3,0,4,1,0.5575,0.579583,0.149883
433,1,1,3,0,5,2,0.435833,0.842083,0.113192
434,1,1,3,0,6,2,0.514167,0.755833,0.110704
435,1,1,3,0,0,2,0.4725,0.81,0.126883
436,1,1,3,0,1,1,0.545,0.72875,0.162317
437,1,1,3,0,2,1,0.560833,0.807917,0.121271
438,2,1,3,0,3,2,0.531667,0.82125,0.0895583
439,2,1,3,0,4,1,0.554167,0.83125,0.117562
440,2,1,3,0,5,2,0.601667,0.694167,0.1163
441,2,1,3,0,6,2,0.5025,0.885417,0.192783
442,2,1,3,0,0,2,0.4375,0.880833,0.220775
443,2,1,3,0,1,1,0.445833,0.477917,0.386821
444,2,1,3,0,2,1,0.323333,0.29,0.187192
445,2,1,3,0,3,1,0.484167,0.48125,0.291671
446,2,1,3,0,4,1,0.494167,0.439167,0.31965
447,2,1,3,0,5,2,0.37,0.580833,0.138067
448,2,1,3,0,6,2,0.424167,0.738333,0.250617
449,2,1,4,0,0,2,0.425833,0.67625,0.172267
450,2,1,4,0,1,1,0.433913,0.504348,0.312139
451,2,1,4,0,2,1,0.466667,0.396667,0.100133
452,2,1,4,0,3,1,0.541667,0.469583,0.180975
453,2,1,4,0,4,1,0.435,0.374167,0.219529
454,2,1,4,0,5,1,0.403333,0.377083,0.300388
455,2,1,4,0,6,1,0.4375,0.254167,0.274871
456,2,1,4,0,0,1,0.5,0.275833,0.232596
457,2,1,4,0,1,1,0.489167,0.3175,0.358196
458,2,1,4,0,2,1,0.446667,0.435,0.249375
459,2,1,4,0,3,1,0.348696,0.469565,0.295274
460,2,1,4,0,4,1,0.3975,0.46625,0.290429
461,2,1,4,0,5,1,0.4425,0.408333,0.155471
462,2,1,4,0,6,1,0.495,0.502917,0.190917
463,2,1,4,0,0,1,0.606667,0.507917,0.225129
464,2,1,4,1,1,1,0.664167,0.561667,0.284829
465,2,1,4,0,2,1,0.608333,0.390417,0.273629
466,2,1,4,0,3,2,0.463333,0.569167,0.167912
467,2,1,4,0,4,1,0.498333,0.6125,0.0659292
468,2,1,4,0,5,1,0.526667,0.694583,0.149871
469,2,1,4,0,6,1,0.57,0.682917,0.283587
470,2,1,4,0,0,3,0.396667,0.835417,0.344546
471,2,1,4,0,1,2,0.321667,0.766667,0.303496
472,2,1,4,0,2,1,0.413333,0.454167,0.249383
473,2,1,4,0,3,1,0.476667,0.427917,0.118792
474,2,1,4,0,4,2,0.498333,0.756667,0.176625
475,2,1,4,0,5,1,0.4575,0.400833,0.347633
476,2,1,4,0,6,2,0.376667,0.489583,0.129975
477,2,1,4,0,0,1,0.458333,0.587083,0.116908
478,2,1,4,0,1,2,0.464167,0.57,0.171638
479,2,1,5,0,2,2,0.613333,0.659583,0.156096
480,2,1,5,0,3,1,0.564167,0.797083,0.138058
481,2,1,5,0,4,2,0.56,0.768333,0.133696
482,2,1,5,0,5,1,0.6275,0.735417,0.162938
483,2,1,5,0,6,2,0.621667,0.756667,0.152992
484,2,1,5,0,0,2,0.5625,0.74,0.149879
485,2,1,5,0,1,2,0.5375,0.664167,0.230721
486,2,1,5,0,2,2,0.581667,0.685833,0.296029
487,2,1,5,0,3,2,0.575,0.744167,0.216412
488,2,1,5,0,4,1,0.505833,0.552083,0.314063
489,2,1,5,0,5,1,0.533333,0.360417,0.236937
490,2,1,5,0,6,1,0.564167,0.480417,0.123133
491,2,1,5,0,0,1,0.6125,0.57625,0.225117
492,2,1,5,0,1,2,0.573333,0.789583,0.212692
493,2,1,5,0,2,2,0.611667,0.794583,0.147392
494,2,1,5,0,3,1,0.636667,0.697917,0.122512
495,2,1,5,0,4,1,0.593333,0.52,0.229475
496,2,1,5,0,5,1,0.564167,0.523333,0.136817
497,2,1,5,0,6,1,0.6,0.45625,0.083975
498,2,1,5,0,0,1,0.620833,0.530417,0.254367
499,2,1,5,0,1,2,0.598333,0.81125,0.233204
500,2,1,5,0,2,2,0.615,0.765833,0.118167
501,2,1,5,0,3,2,0.621667,0.774583,0.102
502,2,1,5,0,4,1,0.655,0.716667,0.172896
503,2,1,5,0,5,1,0.68,0.747083,0.14055
504,2,1,5,0,6,1,0.6925,0.7325,0.198992
505,2,1,5,0,0,1,0.69,0.697083,0.215171
506,2,1,5,1,1,1,0.7125,0.67625,0.196521
507,2,1,5,0,2,1,0.7225,0.684583,0.2954
508,2,1,5,0,3,2,0.656667,0.67,0.134329
509,2,1,5,0,4,1,0.68,0.492917,0.195279
510,2,1,6,0,5,2,0.654167,0.755417,0.237563
511,2,1,6,0,6,1,0.583333,0.549167,0.186562
512,2,1,6,0,0,1,0.6025,0.493333,0.184087
513,2,1,6,0,1,1,0.5975,0.487083,0.284833
514,2,1,6,0,2,2,0.540833,0.613333,0.209575
515,2,1,6,0,3,1,0.554167,0.61125,0.077125
516,2,1,6,0,4,1,0.6025,0.567083,0.15735
517,2,1,6,0,5,1,0.649167,0.467917,0.175383
518,2,1,6,0,6,1,0.710833,0.437083,0.144287
519,2,1,6,0,0,1,0.726667,0.538333,0.133721
520,2,1,6,0,1,2,0.720833,0.587917,0.207713
521,2,1,6,0,2,2,0.653333,0.833333,0.214546
522,2,1,6,0,3,1,0.655833,0.582083,0.343279
523,2,1,6,0,4,1,0.648333,0.569583,0.253733
524,2,1,6,0,5,1,0.639167,0.589583,0.176617
525,2,1,6,0,6,1,0.631667,0.504167,0.166667
526,2,1,6,0,0,1,0.5925,0.59875,0.144904
527,2,1,6,0,1,2,0.568333,0.777917,0.174746
528,2,1,6,0,2,1,0.688333,0.69,0.148017
529,2,1,6,0,3,1,0.7825,0.592083,0.113812
530,3,1,6,0,4,1,0.805833,0.567917,0.118787
531,3,1,6,0,5,1,0.7775,0.57375,0.182842
532,3,1,6,0,6,1,0.731667,0.534583,0.179721
533,3,1,6,0,0,1,0.743333,0.479167,0.145525
534,3,1,6,0,1,1,0.715833,0.504167,0.300383
535,3,1,6,0,2,1,0.630833,0.373333,0.347642
536,3,1,6,0,3,1,0.6975,0.36,0.271775
537,3,1,6,0,4,1,0.749167,0.4225,0.17165
538,3,1,6,0,5,1,0.834167,0.48875,0.165417
539,3,1,6,0,6,1,0.765,0.60125,0.161071
540,3,1,7,0,0,1,0.815833,0.51875,0.168529
541,3,1,7,0,1,1,0.781667,0.447083,0.195267
542,3,1,7,0,2,1,0.780833,0.492083,0.126237
543,3,1,7,1,3,1,0.789167,0.53875,0.13495
544,3,1,7,0,4,1,0.8275,0.457917,0.194029
545,3,1,7,0,5,1,0.828333,0.450833,0.146142
546,3,1,7,0,6,1,0.861667,0.492083,0.163554
547,3,1,7,0,0,1,0.8225,0.57375,0.125629
548,3,1,7,0,1,2,0.710833,0.683333,0.180975
549,3,1,7,0,2,2,0.720833,0.6675,0.151737
550,3,1,7,0,3,1,0.716667,0.633333,0.151733
551,3,1,7,0,4,1,0.715833,0.529583,0.146775
552,3,1,7,0,5,2,0.731667,0.485833,0.08085
553,3,1,7,0,6,2,0.703333,0.699167,0.143679
554,3,1,7,0,0,1,0.745833,0.717917,0.166667
555,3,1,7,0,1,1,0.763333,0.645,0.164187
556,3,1,7,0,2,1,0.818333,0.505833,0.114429
557,3,1,7,0,3,1,0.793333,0.577083,0.137442
558,3,1,7,0,4,1,0.77,0.600417,0.165429
559,3,1,7,0,5,2,0.665833,0.844167,0.208967
560,3,1,7,0,6,3,0.595833,0.865417,0.2133
561,3,1,7,0,0,2,0.6675,0.7625,0.0939208
562,3,1,7,0,1,1,0.741667,0.694167,0.138683
563,3,1,7,0,2,1,0.750833,0.655,0.211454
564,3,1,7,0,3,1,0.724167,0.45,0.1648
565,3,1,7,0,4,1,0.776667,0.596667,0.284813
566,3,1,7,0,5,1,0.781667,0.594583,0.152992
567,3,1,7,0,6,1,0.755833,0.613333,0.15735
568,3,1,7,0,0,1,0.721667,0.62375,0.170396
569,3,1,7,0,1,1,0.730833,0.66875,0.153617
570,3,1,7,0,2,1,0.713333,0.704167,0.165425
571,3,1,8,0,3,1,0.7175,0.6775,0.141179
572,3,1,8,0,4,1,0.7525,0.659583,0.129354
573,3,1,8,0,5,2,0.765833,0.6425,0.215792
574,3,1,8,0,6,1,0.793333,0.613333,0.257458
575,3,1,8,0,0,1,0.769167,0.6525,0.290421
576,3,1,8,0,1,2,0.7525,0.654167,0.129354
577,3,1,8,0,2,2,0.735833,0.70375,0.116908
578,3,1,8,0,3,2,0.75,0.672917,0.1107
579,3,1,8,0,4,1,0.755833,0.620417,0.1561
580,3,1,8,0,5,2,0.715833,0.715833,0.238813
581,3,1,8,0,6,2,0.6925,0.732917,0.206479
582,3,1,8,0,0,1,0.700833,0.530417,0.122512
583,3,1,8,0,1,1,0.720833,0.545417,0.136212
584,3,1,8,0,2,1,0.726667,0.686667,0.169158
585,3,1,8,0,3,1,0.706667,0.619583,0.169771
586,3,1,8,0,4,1,0.719167,0.519167,0.141796
587,3,1,8,0,5,1,0.723333,0.570833,0.231354
588,3,1,8,0,6,1,0.678333,0.603333,0.177867
589,3,1,8,0,0,2,0.635833,0.711667,0.08645
590,3,1,8,0,1,2,0.635833,0.734167,0.129979
591,3,1,8,0,2,1,0.649167,0.67375,0.0727708
592,3,1,8,0,3,1,0.6675,0.677083,0.0702833
593,3,1,8,0,4,1,0.695833,0.635833,0.0845958
594,3,1,8,0,5,2,0.7025,0.615,0.0721458
595,3,1,8,0,6,2,0.661667,0.712917,0.244408
596,3,1,8,0,0,2,0.653333,0.845833,0.228858
597,3,1,8,0,1,1,0.703333,0.730417,0.128733
598,3,1,8,0,2,1,0.728333,0.62,0.190925
599,3,1,8,0,3,1,0.685,0.552083,0.112562
600,3,1,8,0,4,1,0.706667,0.590417,0.0771167
601,3,1,8,0,5,1,0.764167,0.5875,0.168533
602,3,1,9,0,6,2,0.753333,0.638333,0.113187
603,3,1,9,0,0,2,0.696667,0.815,0.0640708
604,3,1,9,1,1,1,0.7075,0.790833,0.151121
605,3,1,9,0,2,1,0.725833,0.755,0.236321
606,3,1,9,0,3,1,0.736667,0.74125,0.187808
607,3,1,9,0,4,2,0.696667,0.810417,0.142421
608,3,1,9,0,5,1,0.703333,0.73625,0.171646
609,3,1,9,0,6,2,0.659167,0.799167,0.281104
610,3,1,9,0,0,1,0.61,0.5475,0.224496
611,3,1,9,0,1,1,0.583333,0.50375,0.258713
612,3,1,9,0,2,1,0.5775,0.52,0.0920542
613,3,1,9,0,3,1,0.599167,0.577083,0.131846
614,3,1,9,0,4,1,0.6125,0.637083,0.0827208
615,3,1,9,0,5,1,0.633333,0.6725,0.103863
616,3,1,9,0,6,1,0.608333,0.501667,0.247521
617,3,1,9,0,0,1,0.58,0.57,0.0901833
618,3,1,9,0,1,2,0.580833,0.734583,0.151742
619,3,1,9,0,2,2,0.623333,0.8725,0.357587
620,3,1,9,0,3,1,0.5525,0.536667,0.215175
621,3,1,9,0,4,1,0.546667,0.618333,0.118167
622,3,1,9,0,5,1,0.599167,0.66875,0.154229
623,3,1,9,0,6,1,0.65,0.646667,0.283583
624,4,1,9,0,0,1,0.529167,0.467083,0.223258
625,4,1,9,0,1,1,0.514167,0.492917,0.142404
626,4,1,9,0,2,1,0.55,0.57,0.236321
627,4,1,9,0,3,1,0.635,0.630833,0.2444
628,4,1,9,0,4,2,0.65,0.690833,0.134342
629,4,1,9,0,5,2,0.619167,0.69,0.164179
630,4,1,9,0,6,1,0.5425,0.542917,0.227604
631,4,1,9,0,0,1,0.526667,0.583333,0.134958
632,4,1,10,0,1,2,0.520833,0.649167,0.0908042
633,4,1,10,0,2,3,0.590833,0.871667,0.104475
634,4,1,10,0,3,2,0.6575,0.79375,0.0665458
635,4,1,10,0,4,2,0.6575,0.722917,0.117546
636,4,1,10,0,5,1,0.615,0.6275,0.10635
637,4,1,10,0,6,1,0.554167,0.664167,0.268025
638,4,1,10,0,0,2,0.415833,0.708333,0.141162
639,4,1,10,1,1,2,0.383333,0.709583,0.189679
640,4,1,10,0,2,2,0.446667,0.761667,0.1903
641,4,1,10,0,3,1,0.514167,0.630833,0.187821
642,4,1,10,0,4,1,0.435,0.463333,0.181596
643,4,1,10,0,5,1,0.4375,0.539167,0.235092
644,4,1,10,0,6,1,0.393333,0.494583,0.146142
645,4,1,10,0,0,1,0.521667,0.640417,0.278612
646,4,1,10,0,1,2,0.561667,0.7075,0.296037
647,4,1,10,0,2,1,0.468333,0.558333,0.182221
648,4,1,10,0,3,1,0.455833,0.692917,0.101371
649,4,1,10,0,4,2,0.5225,0.728333,0.236937
650,4,1,10,0,5,2,0.563333,0.815,0.134954
651,4,1,10,0,6,1,0.484167,0.572917,0.117537
652,4,1,10,0,0,1,0.464167,0.51,0.166054
653,4,1,10,0,1,1,0.4875,0.568333,0.0814833
654,4,1,10,0,2,1,0.544167,0.641667,0.0945458
655,4,1,10,0,3,1,0.5875,0.63625,0.0727792
656,4,1,10,0,4,2,0.55,0.800417,0.124375
657,4,1,10,0,5,2,0.545833,0.807083,0.132467
658,4,1,10,0,6,2,0.53,0.72,0.235692
659,4,1,10,0,0,2,0.4775,0.694583,0.398008
660,4,1,10,0,1,3,0.44,0.88,0.3582
661,4,1,10,0,2,2,0.318182,0.825455,0.213009
662,4,1,10,0,3,2,0.3575,0.666667,0.166667
663,4,1,11,0,4,2,0.365833,0.581667,0.157346
664,4,1,11,0,5,1,0.355,0.522083,0.266175
665,4,1,11,0,6,2,0.343333,0.49125,0.270529
666,4,1,11,0,0,1,0.325833,0.532917,0.179108
667,4,1,11,0,1,1,0.319167,0.494167,0.236325
668,4,1,11,0,2,1,0.280833,0.567083,0.173513
669,4,1,11,0,3,2,0.295833,0.5475,0.304108
670,4,1,11,0,4,1,0.352174,0.333478,0.347835
671,4,1,11,0,5,1,0.361667,0.540833,0.214558
672,4,1,11,0,6,1,0.389167,0.645417,0.0578458
673,4,1,11,0,0,1,0.420833,0.659167,0.1275
674,4,1,11,1,1,1,0.485,0.741667,0.173517
675,4,1,11,0,2,2,0.343333,0.662917,0.342046
676,4,1,11,0,3,1,0.289167,0.552083,0.199625
677,4,1,11,0,4,2,0.321667,0.620417,0.152987
678,4,1,11,0,5,1,0.345,0.524583,0.171025
679,4,1,11,0,6,1,0.325,0.545417,0.179729
680,4,1,11,0,0,1,0.3425,0.692917,0.227612
681,4,1,11,0,1,2,0.380833,0.623333,0.235067
682,4,1,11,0,2,2,0.374167,0.685,0.082725
683,4,1,11,0,3,1,0.353333,0.61375,0.103246
684,4,1,11,1,4,1,0.34,0.580417,0.0528708
685,4,1,11,0,5,1,0.368333,0.56875,0.148021
686,4,1,11,0,6,1,0.278333,0.404583,0.376871
687,4,1,11,0,0,1,0.245833,0.468333,0.1505
688,4,1,11,0,1,1,0.313333,0.535417,0.04665
689,4,1,11,0,2,2,0.291667,0.786667,0.237562
690,4,1,11,0,3,1,0.296667,0.50625,0.210821
691,4,1,11,0,4,1,0.28087,0.555652,0.115522
692,4,1,11,0,5,1,0.298333,0.649583,0.0584708
693,4,1,12,0,6,2,0.298333,0.806667,0.0597042
694,4,1,12,0,0,2,0.3475,0.823333,0.124379
695,4,1,12,0,1,1,0.4525,0.7675,0.0827208
696,4,1,12,0,2,1,0.475833,0.73375,0.174129
697,4,1,12,0,3,1,0.438333,0.485,0.324021
698,4,1,12,0,4,1,0.255833,0.50875,0.174754
699,4,1,12,0,5,2,0.320833,0.764167,0.1306
700,4,1,12,0,6,2,0.381667,0.91125,0.101379
701,4,1,12,0,0,2,0.384167,0.905417,0.157975
702,4,1,12,0,1,2,0.435833,0.925,0.190308
703,4,1,12,0,2,2,0.353333,0.596667,0.296037
704,4,1,12,0,3,2,0.2975,0.538333,0.162937
705,4,1,12,0,4,1,0.295833,0.485833,0.174129
706,4,1,12,0,5,1,0.281667,0.642917,0.131229
707,4,1,12,0,6,1,0.324167,0.650417,0.10635
708,4,1,12,0,0,2,0.3625,0.83875,0.100742
709,4,1,12,0,2,1,0.410833,0.66625,0.221404
710,4,1,12,0,3,1,0.3325,0.625417,0.184092
711,4,1,12,0,4,2,0.33,0.667917,0.132463
712,1,1,12,0,5,2,0.326667,0.556667,0.374383
713,1,1,12,0,6,1,0.265833,0.44125,0.407346
714,1,1,12,0,0,1,0.245833,0.515417,0.133083
715,1,1,12,0,1,2,0.231304,0.791304,0.0772304
716,1,1,12,1,2,2,0.291304,0.734783,0.168726
717,1,1,12,0,3,3,0.243333,0.823333,0.316546
718,1,1,12,0,4,2,0.254167,0.652917,0.350133
719,1,1,12,0,5,2,0.253333,0.59,0.155471
720,1,1,12,0,6,2,0.253333,0.752917,0.124383
721,1,1,12,0,0,1,0.255833,0.483333,0.350754
722,1,1,12,0,1,2,0.215833,0.5775,0.154846
