,index,season,year,month,holiday,weekday,weather,temperature,humidity,windspeed,casualuser,registereduser,count
0,0,1,0,1,0,6,2,0.344167,0.805833,0.160446,331,654,985
1,1,1,0,1,0,0,2,0.363478,0.696087,0.248539,131,670,801
2,2,1,0,1,0,1,1,0.196364,0.437273,0.248309,120,1229,1349
3,3,1,0,1,0,2,1,0.2,0.590435,0.160296,108,1454,1562
4,4,1,0,1,0,3,1,0.226957,0.436957,0.1869,82,1518,1600
5,5,1,0,1,0,4,1,0.204348,0.518261,0.0895652,88,1518,1606
6,6,1,0,1,0,5,2,0.196522,0.498696,0.168726,148,1362,1510
7,7,1,0,1,0,6,2,0.165,0.535833,0.266804,68,891,959
8,8,1,0,1,0,0,1,0.138333,0.434167,0.36195,54,768,822
9,9,1,0,1,0,1,1,0.150833,0.482917,0.223267,41,1280,1321
10,10,1,0,1,0,2,2,0.169091,0.686364,0.122132,43,1220,1263
11,11,1,0,1,0,3,1,0.172727,0.599545,0.304627,25,1137,1162
12,12,1,0,1,0,4,1,0.165,0.470417,0.301,38,1368,1406
13,13,1,0,1,0,5,1,0.16087,0.537826,0.126548,54,1367,1421
14,14,1,0,1,0,6,2,0.233333,0.49875,0.157963,222,1026,1248
15,15,1,0,1,0,0,1,0.231667,0.48375,0.188433,251,953,1204
16,16,1,0,1,1,1,2,0.175833,0.5375,0.194017,117,883,1000
17,17,1,0,1,0,2,2,0.216667,0.861667,0.146775,9,674,683
18,18,1,0,1,0,3,2,0.292174,0.741739,0.208317,78,1572,1650
19,19,1,0,1,0,4,2,0.261667,0.538333,0.195904,83,1844,1927
20,20,1,0,1,0,5,1,0.1775,0.457083,0.353242,75,1468,1543
21,21,1,0,1,0,6,1,0.0591304,0.4,0.17197,93,888,981
22,22,1,0,1,0,0,1,0.0965217,0.436522,0.2466,150,836,986
23,23,1,0,1,0,1,1,0.0973913,0.491739,0.15833,86,1330,1416
24,24,1,0,1,0,2,2,0.223478,0.616957,0.129796,186,1799,1985
25,25,1,0,1,0,3,3,0.2175,0.8625,0.29385,34,472,506
26,26,1,0,1,0,4,1,0.195,0.6875,0.113837,15,416,431
27,27,1,0,1,0,5,2,0.203478,0.793043,0.1233,38,1129,1167
28,28,1,0,1,0,6,1,0.196522,0.651739,0.145365,123,975,1098
29,29,1,0,1,0,0,1,0.216522,0.722174,0.0739826,140,956,1096
30,30,1,0,1,0,1,2,0.180833,0.60375,0.187192,42,1459,1501
31,31,1,0,2,0,2,2,0.192174,0.829565,0.053213,47,1313,1360
32,32,1,0,2,0,3,2,0.26,0.775417,0.264308,72,1454,1526
33,33,1,0,2,0,4,1,0.186957,0.437826,0.277752,61,1489,1550
34,34,1,0,2,0,5,2,0.211304,0.585217,0.127839,88,1620,1708
35,35,1,0,2,0,6,2,0.233333,0.929167,0.161079,100,905,1005
36,36,1,0,2,0,0,1,0.285833,0.568333,0.1418,354,1269,1623
37,37,1,0,2,0,1,1,0.271667,0.738333,0.0454083,120,1592,1712
38,38,1,0,2,0,2,1,0.220833,0.537917,0.36195,64,1466,1530
39,39,1,0,2,0,3,2,0.134783,0.494783,0.188839,53,1552,1605
40,40,1,0,2,0,4,1,0.144348,0.437391,0.221935,47,1491,1538
41,41,1,0,2,0,5,1,0.189091,0.506364,0.10855,149,1597,1746
42,42,1,0,2,0,6,1,0.2225,0.544167,0.203367,288,1184,1472
43,43,1,0,2,0,0,1,0.316522,0.457391,0.260883,397,1192,1589
44,45,1,0,2,0,2,1,0.266087,0.314348,0.291374,140,1675,1815
45,46,1,0,2,0,3,1,0.318261,0.423478,0.251791,218,1897,2115
46,47,1,0,2,0,4,1,0.435833,0.505,0.230104,259,2216,2475
47,48,1,0,2,0,5,1,0.521667,0.516667,0.264925,579,2348,2927
48,50,1,0,2,0,0,1,0.285217,0.407826,0.223235,639,1173,1812
49,51,1,0,2,1,1,2,0.303333,0.605,0.307846,195,912,1107
50,52,1,0,2,0,2,1,0.182222,0.577778,0.195683,74,1376,1450
51,53,1,0,2,0,3,1,0.221739,0.423043,0.094113,139,1778,1917
52,54,1,0,2,0,4,2,0.295652,0.697391,0.250496,100,1707,1807
53,55,1,0,2,0,5,2,0.364348,0.712174,0.346539,120,1341,1461
54,56,1,0,2,0,6,1,0.2825,0.537917,0.186571,424,1545,1969
55,57,1,0,2,0,0,1,0.343478,0.68,0.125248,694,1708,2402
56,58,1,0,2,0,1,2,0.407273,0.876364,0.289686,81,1365,1446
57,59,1,0,3,0,2,1,0.266667,0.535,0.216425,137,1714,1851
58,60,1,0,3,0,3,1,0.335,0.449583,0.307833,231,1903,2134
59,61,1,0,3,0,4,1,0.198333,0.318333,0.225754,123,1562,1685
60,62,1,0,3,0,5,2,0.261667,0.610417,0.203346,214,1730,1944
61,63,1,0,3,0,6,2,0.384167,0.789167,0.251871,640,1437,2077
62,64,1,0,3,0,0,2,0.376522,0.948261,0.343287,114,491,605
63,65,1,0,3,0,1,1,0.261739,0.551304,0.341352,244,1628,1872
64,66,1,0,3,0,2,1,0.2925,0.420833,0.12065,316,1817,2133
65,67,1,0,3,0,3,2,0.295833,0.775417,0.22015,191,1700,1891
66,69,1,0,3,0,5,2,0.316522,0.649565,0.23297,247,1730,1977
67,70,1,0,3,0,6,1,0.329167,0.594583,0.220775,724,1408,2132
68,71,1,0,3,0,0,1,0.384348,0.527391,0.270604,982,1435,2417
69,72,1,0,3,0,1,1,0.325217,0.496957,0.136926,359,1687,2046
70,73,1,0,3,0,2,2,0.317391,0.655652,0.184309,289,1767,2056
71,74,1,0,3,0,3,2,0.365217,0.776522,0.203117,321,1871,2192
72,75,1,0,3,0,4,1,0.415,0.602917,0.209579,424,2320,2744
73,76,1,0,3,0,5,1,0.54,0.525217,0.231017,884,2355,3239
74,77,1,0,3,0,6,1,0.4725,0.379167,0.368167,1424,1693,3117
75,78,1,0,3,0,0,1,0.3325,0.47375,0.207721,1047,1424,2471
76,79,2,0,3,0,1,2,0.430435,0.737391,0.288783,401,1676,2077
77,80,2,0,3,0,2,1,0.441667,0.624583,0.22575,460,2243,2703
78,81,2,0,3,0,3,2,0.346957,0.839565,0.234261,203,1918,2121
79,82,2,0,3,0,4,2,0.285,0.805833,0.243787,166,1699,1865
80,83,2,0,3,0,5,1,0.264167,0.495,0.230725,300,1910,2210
81,84,2,0,3,0,6,1,0.265833,0.394167,0.209571,981,1515,2496
82,85,2,0,3,0,0,2,0.253043,0.493913,0.1843,472,1221,1693
83,86,2,0,3,0,1,1,0.264348,0.302174,0.212204,222,1806,2028
84,87,2,0,3,0,2,1,0.3025,0.314167,0.226996,317,2108,2425
85,88,2,0,3,0,3,2,0.3,0.646667,0.172888,168,1368,1536
86,89,2,0,3,0,4,3,0.268333,0.918333,0.217646,179,1506,1685
87,90,2,0,4,0,5,2,0.3,0.68625,0.258708,307,1920,2227
88,91,2,0,4,0,6,2,0.315,0.65375,0.197146,898,1354,2252
89,92,2,0,4,0,0,1,0.378333,0.48,0.182213,1651,1598,3249
90,93,2,0,4,0,1,1,0.573333,0.42625,0.385571,734,2381,3115
91,94,2,0,4,0,2,2,0.414167,0.642083,0.388067,167,1628,1795
92,95,2,0,4,0,3,1,0.390833,0.470833,0.263063,413,2395,2808
93,96,2,0,4,0,4,1,0.4375,0.602917,0.162312,571,2570,3141
94,97,2,0,4,0,5,2,0.335833,0.83625,0.226992,172,1299,1471
95,98,2,0,4,0,6,2,0.3425,0.8775,0.133083,879,1576,2455
96,99,2,0,4,0,0,2,0.426667,0.8575,0.146767,1188,1707,2895
97,100,2,0,4,0,1,2,0.595652,0.716956,0.324474,855,2493,3348
98,101,2,0,4,0,2,2,0.5025,0.739167,0.274879,257,1777,2034
99,102,2,0,4,0,3,2,0.4125,0.819167,0.250617,209,1953,2162
100,103,2,0,4,0,4,1,0.4675,0.540417,0.1107,529,2738,3267
101,104,2,0,4,1,5,1,0.446667,0.67125,0.226375,642,2484,3126
102,105,2,0,4,0,6,3,0.430833,0.888333,0.340808,121,674,795
103,106,2,0,4,0,0,1,0.456667,0.479583,0.303496,1558,2186,3744
104,107,2,0,4,0,1,1,0.5125,0.5425,0.163567,669,2760,3429
105,108,2,0,4,0,2,2,0.505833,0.665833,0.157971,409,2795,3204
106,109,2,0,4,0,3,1,0.595,0.614167,0.241925,613,3331,3944
107,110,2,0,4,0,4,1,0.459167,0.407083,0.325258,745,3444,4189
108,111,2,0,4,0,5,2,0.336667,0.729583,0.219521,177,1506,1683
109,112,2,0,4,0,6,2,0.46,0.887917,0.230725,1462,2574,4036
110,113,2,0,4,0,0,2,0.581667,0.810833,0.192175,1710,2481,4191
111,114,2,0,4,0,1,1,0.606667,0.776667,0.185333,773,3300,4073
112,115,2,0,4,0,2,1,0.631667,0.729167,0.3265,678,3722,4400
113,116,2,0,4,0,3,2,0.62,0.835417,0.3122,547,3325,3872
114,117,2,0,4,0,4,2,0.6175,0.700833,0.320908,569,3489,4058
115,118,2,0,4,0,5,1,0.51,0.457083,0.240063,878,3717,4595
116,119,2,0,4,0,6,1,0.4725,0.503333,0.235075,1965,3347,5312
117,120,2,0,5,0,0,2,0.451667,0.762083,0.106354,1138,2213,3351
118,121,2,0,5,0,1,2,0.549167,0.73,0.183454,847,3554,4401
119,122,2,0,5,0,2,2,0.616667,0.697083,0.342667,603,3848,4451
120,123,2,0,5,0,3,2,0.414167,0.737083,0.328996,255,2378,2633
121,124,2,0,5,0,4,1,0.459167,0.444167,0.295392,614,3819,4433
122,125,2,0,5,0,5,1,0.479167,0.59,0.228246,894,3714,4608
123,126,2,0,5,0,6,1,0.52,0.54125,0.16045,1612,3102,4714
124,127,2,0,5,0,0,1,0.528333,0.631667,0.0746375,1401,2932,4333
125,128,2,0,5,0,1,1,0.5325,0.58875,0.176,664,3698,4362
126,129,2,0,5,0,2,1,0.5325,0.489167,0.115671,694,4109,4803
127,130,2,0,5,0,3,1,0.5425,0.632917,0.120642,550,3632,4182
128,131,2,0,5,0,4,1,0.535,0.7475,0.189667,695,4169,4864
129,132,2,0,5,0,5,2,0.5125,0.863333,0.179725,692,3413,4105
130,133,2,0,5,0,6,2,0.520833,0.9225,0.13495,902,2507,3409
131,134,2,0,5,0,0,2,0.5625,0.867083,0.152979,1582,2971,4553
132,135,2,0,5,0,1,1,0.5775,0.787917,0.126871,773,3185,3958
133,136,2,0,5,0,2,2,0.561667,0.837917,0.277354,678,3445,4123
134,137,2,0,5,0,3,2,0.55,0.87,0.201492,536,3319,3855
135,138,2,0,5,0,4,2,0.530833,0.829583,0.108213,735,3840,4575
136,139,2,0,5,0,5,1,0.536667,0.719583,0.125013,909,4008,4917
137,140,2,0,5,0,6,1,0.6025,0.626667,0.12065,2258,3547,5805
138,141,2,0,5,0,0,1,0.604167,0.749583,0.148008,1576,3084,4660
139,142,2,0,5,0,1,2,0.631667,0.81,0.233842,836,3438,4274
140,143,2,0,5,0,2,2,0.66,0.740833,0.207092,659,3833,4492
141,144,2,0,5,0,3,1,0.660833,0.69625,0.154233,740,4238,4978
142,145,2,0,5,0,4,1,0.708333,0.6775,0.199642,758,3919,4677
143,146,2,0,5,0,5,1,0.681667,0.65375,0.240679,871,3808,4679
144,147,2,0,5,0,6,1,0.655833,0.729583,0.230092,2001,2757,4758
145,148,2,0,5,0,0,1,0.6675,0.81875,0.213938,2355,2433,4788
146,149,2,0,5,1,1,1,0.733333,0.685,0.131225,1549,2549,4098
147,150,2,0,5,0,2,1,0.775,0.636667,0.111329,673,3309,3982
148,151,2,0,6,0,3,2,0.764167,0.677083,0.207092,513,3461,3974
149,152,2,0,6,0,4,1,0.715,0.305,0.292287,736,4232,4968
150,153,2,0,6,0,5,1,0.62,0.354167,0.253121,898,4414,5312
151,154,2,0,6,0,6,1,0.635,0.45625,0.123142,1869,3473,5342
152,155,2,0,6,0,0,2,0.648333,0.6525,0.138692,1685,3221,4906
153,156,2,0,6,0,1,1,0.678333,0.6,0.121896,673,3875,4548
154,157,2,0,6,0,2,1,0.7075,0.597917,0.187808,763,4070,4833
155,158,2,0,6,0,3,1,0.775833,0.622083,0.136817,676,3725,4401
156,159,2,0,6,0,4,2,0.808333,0.568333,0.149883,563,3352,3915
157,160,2,0,6,0,5,1,0.755,0.605,0.140554,815,3771,4586
158,161,2,0,6,0,6,1,0.725,0.654583,0.15485,1729,3237,4966
159,162,2,0,6,0,0,1,0.6925,0.747917,0.163567,1467,2993,4460
160,163,2,0,6,0,1,1,0.635,0.494583,0.30535,863,4157,5020
161,164,2,0,6,0,2,1,0.604167,0.507083,0.269283,727,4164,4891
162,165,2,0,6,0,3,1,0.626667,0.471667,0.167912,769,4411,5180
163,166,2,0,6,0,4,2,0.628333,0.688333,0.206471,545,3222,3767
164,167,2,0,6,0,5,1,0.649167,0.735833,0.143029,863,3981,4844
165,168,2,0,6,0,6,1,0.696667,0.670417,0.119408,1807,3312,5119
166,169,2,0,6,0,0,2,0.699167,0.666667,0.102,1639,3105,4744
167,170,2,0,6,0,1,2,0.635,0.74625,0.155475,699,3311,4010
168,171,3,0,6,0,2,2,0.680833,0.770417,0.171025,774,4061,4835
169,172,3,0,6,0,3,1,0.733333,0.7075,0.172262,661,3846,4507
170,173,3,0,6,0,4,2,0.728333,0.703333,0.238804,746,4044,4790
171,174,3,0,6,0,5,1,0.724167,0.573333,0.222025,969,4022,4991
172,175,3,0,6,0,6,1,0.695,0.483333,0.209571,1782,3420,5202
173,176,3,0,6,0,0,1,0.68,0.513333,0.0945333,1920,3385,5305
174,177,3,0,6,0,1,2,0.6825,0.658333,0.107588,854,3854,4708
175,178,3,0,6,0,2,1,0.744167,0.634167,0.144283,732,3916,4648
176,179,3,0,6,0,3,1,0.728333,0.497917,0.261821,848,4377,5225
177,180,3,0,6,0,4,1,0.696667,0.434167,0.185312,1027,4488,5515
178,181,3,0,7,0,5,1,0.7225,0.39625,0.102608,1246,4116,5362
179,182,3,0,7,0,6,1,0.738333,0.444583,0.115062,2204,2915,5119
180,183,3,0,7,0,0,2,0.716667,0.6825,0.228858,2282,2367,4649
181,184,3,0,7,1,1,2,0.726667,0.637917,0.0814792,3065,2978,6043
182,185,3,0,7,0,2,1,0.746667,0.590417,0.126258,1031,3634,4665
183,186,3,0,7,0,3,1,0.72,0.743333,0.149883,784,3845,4629
184,187,3,0,7,0,4,1,0.75,0.65125,0.1592,754,3838,4592
185,188,3,0,7,0,5,2,0.709167,0.757917,0.225129,692,3348,4040
186,189,3,0,7,0,6,1,0.733333,0.609167,0.167912,1988,3348,5336
187,190,3,0,7,0,0,1,0.7475,0.578333,0.183471,1743,3138,4881
188,191,3,0,7,0,1,1,0.7625,0.635833,0.282337,723,3363,4086
189,192,3,0,7,0,2,1,0.794167,0.559167,0.200254,662,3596,4258
190,193,3,0,7,0,3,1,0.746667,0.631667,0.146133,748,3594,4342
191,194,3,0,7,0,4,1,0.680833,0.47625,0.240667,888,4196,5084
192,195,3,0,7,0,5,1,0.663333,0.59125,0.182833,1318,4220,5538
193,196,3,0,7,0,6,1,0.686667,0.585,0.208342,2418,3505,5923
194,197,3,0,7,0,0,1,0.719167,0.604167,0.245033,2006,3296,5302
195,198,3,0,7,0,1,1,0.746667,0.65125,0.215804,841,3617,4458
196,199,3,0,7,0,2,1,0.776667,0.650417,0.1306,752,3789,4541
197,200,3,0,7,0,3,1,0.768333,0.707083,0.113817,644,3688,4332
198,201,3,0,7,0,4,2,0.815,0.69125,0.222021,632,3152,3784
199,202,3,0,7,0,5,1,0.848333,0.580417,0.1331,562,2825,3387
200,203,3,0,7,0,6,1,0.849167,0.5,0.131221,987,2298,3285
201,204,3,0,7,0,0,1,0.83,0.550833,0.169171,1050,2556,3606
202,205,3,0,7,0,1,1,0.743333,0.757083,0.0908083,568,3272,3840
203,206,3,0,7,0,2,1,0.771667,0.540833,0.200258,750,3840,4590
204,207,3,0,7,0,3,1,0.775,0.402917,0.183463,755,3901,4656
205,208,3,0,7,0,4,1,0.779167,0.583333,0.178479,606,3784,4390
206,209,3,0,7,0,5,1,0.838333,0.5425,0.174138,670,3176,3846
207,210,3,0,7,0,6,1,0.804167,0.465833,0.168537,1559,2916,4475
208,211,3,0,7,0,0,1,0.805833,0.480833,0.164813,1524,2778,4302
209,212,3,0,8,0,1,1,0.771667,0.550833,0.156717,729,3537,4266
210,213,3,0,8,0,2,1,0.783333,0.49125,0.20585,801,4044,4845
211,214,3,0,8,0,3,2,0.731667,0.6575,0.135583,467,3107,3574
212,215,3,0,8,0,4,2,0.71,0.7575,0.19715,799,3777,4576
213,216,3,0,8,0,5,1,0.710833,0.630833,0.184696,1023,3843,4866
214,217,3,0,8,0,6,2,0.716667,0.755,0.22825,1521,2773,4294
215,218,3,0,8,0,0,1,0.7425,0.752917,0.201487,1298,2487,3785
216,219,3,0,8,0,1,1,0.765,0.592083,0.192175,846,3480,4326
217,220,3,0,8,0,2,1,0.775,0.570417,0.151121,907,3695,4602
218,221,3,0,8,0,3,1,0.766667,0.424167,0.200258,884,3896,4780
219,222,3,0,8,0,4,1,0.7175,0.42375,0.164796,812,3980,4792
220,223,3,0,8,0,5,1,0.708333,0.415,0.125621,1051,3854,4905
221,224,3,0,8,0,6,2,0.685833,0.729583,0.211454,1504,2646,4150
222,225,3,0,8,0,0,2,0.676667,0.8175,0.222633,1338,2482,3820
223,226,3,0,8,0,1,1,0.665833,0.712083,0.208954,775,3563,4338
224,227,3,0,8,0,2,1,0.700833,0.578333,0.236329,721,4004,4725
225,228,3,0,8,0,3,1,0.723333,0.575417,0.143667,668,4026,4694
226,229,3,0,8,0,4,1,0.711667,0.654583,0.233208,639,3166,3805
227,230,3,0,8,0,5,2,0.685,0.722917,0.139308,797,3356,4153
228,231,3,0,8,0,6,1,0.6975,0.674167,0.104467,1914,3277,5191
229,232,3,0,8,0,0,1,0.710833,0.77,0.248754,1249,2624,3873
230,233,3,0,8,0,1,1,0.691667,0.47,0.27675,833,3925,4758
231,234,3,0,8,0,2,1,0.640833,0.455417,0.146763,1281,4614,5895
232,235,3,0,8,0,3,1,0.673333,0.605,0.253108,949,4181,5130
233,236,3,0,8,0,4,2,0.684167,0.771667,0.210833,435,3107,3542
234,237,3,0,8,0,5,1,0.7,0.76125,0.0839625,768,3893,4661
235,238,3,0,8,0,6,2,0.68,0.85,0.375617,226,889,1115
236,239,3,0,8,0,0,1,0.707059,0.561765,0.304659,1415,2919,4334
237,240,3,0,8,0,1,1,0.636667,0.554583,0.159825,729,3905,4634
238,241,3,0,8,0,2,1,0.639167,0.548333,0.125008,775,4429,5204
239,242,3,0,8,0,3,1,0.656667,0.597917,0.0833333,688,4370,5058
240,243,3,0,9,0,4,1,0.655,0.639167,0.141796,783,4332,5115
241,244,3,0,9,0,5,2,0.643333,0.727083,0.139929,875,3852,4727
242,245,3,0,9,0,6,1,0.669167,0.716667,0.185325,1935,2549,4484
243,246,3,0,9,0,0,1,0.709167,0.742083,0.206467,2521,2419,4940
244,247,3,0,9,1,1,2,0.673333,0.790417,0.212696,1236,2115,3351
245,248,3,0,9,0,2,3,0.54,0.886957,0.343943,204,2506,2710
246,249,3,0,9,0,3,3,0.599167,0.917083,0.0970208,118,1878,1996
247,250,3,0,9,0,4,3,0.633913,0.939565,0.192748,153,1689,1842
248,251,3,0,9,0,5,2,0.65,0.897917,0.124379,417,3127,3544
249,252,3,0,9,0,6,1,0.66,0.75375,0.153608,1750,3595,5345
250,253,3,0,9,0,0,1,0.653333,0.71375,0.115054,1633,3413,5046
251,254,3,0,9,0,1,1,0.644348,0.692174,0.088913,690,4023,4713
252,255,3,0,9,0,2,1,0.650833,0.7125,0.141804,701,4062,4763
253,256,3,0,9,0,3,1,0.673333,0.697083,0.1673,647,4138,4785
254,257,3,0,9,0,4,2,0.5775,0.709167,0.271146,428,3231,3659
255,258,3,0,9,0,5,2,0.469167,0.590417,0.164183,742,4018,4760
256,259,3,0,9,0,6,2,0.491667,0.718333,0.189675,1434,3077,4511
257,260,3,0,9,0,0,1,0.5075,0.695,0.178483,1353,2921,4274
258,261,3,0,9,0,1,2,0.549167,0.69,0.151742,691,3848,4539
259,262,3,0,9,0,2,2,0.561667,0.88125,0.134954,438,3203,3641
260,263,3,0,9,0,3,2,0.595,0.9,0.0964042,539,3813,4352
261,264,3,0,9,0,4,2,0.628333,0.902083,0.128125,555,4240,4795
262,265,4,0,9,0,5,2,0.609167,0.9725,0.0783667,258,2137,2395
263,266,4,0,9,0,6,2,0.606667,0.8625,0.0783833,1776,3647,5423
264,267,4,0,9,0,0,2,0.634167,0.845,0.0503792,1544,3466,5010
265,268,4,0,9,0,1,2,0.649167,0.848333,0.1107,684,3946,4630
266,269,4,0,9,0,2,2,0.636667,0.885417,0.118171,477,3643,4120
267,270,4,0,9,0,3,2,0.635,0.84875,0.148629,480,3427,3907
268,271,4,0,9,0,4,1,0.616667,0.699167,0.172883,653,4186,4839
269,272,4,0,9,0,5,1,0.564167,0.6475,0.206475,830,4372,5202
270,273,4,0,10,0,6,2,0.41,0.75375,0.292296,480,1949,2429
271,274,4,0,10,0,0,2,0.356667,0.791667,0.222013,616,2302,2918
272,275,4,0,10,0,1,2,0.384167,0.760833,0.0833458,330,3240,3570
273,276,4,0,10,0,2,1,0.484167,0.71,0.205854,486,3970,4456
274,277,4,0,10,0,3,1,0.538333,0.647917,0.17725,559,4267,4826
275,278,4,0,10,0,4,1,0.494167,0.620833,0.134954,639,4126,4765
276,279,4,0,10,0,5,1,0.510833,0.684167,0.0223917,949,4036,4985
277,280,4,0,10,0,6,1,0.521667,0.70125,0.0454042,2235,3174,5409
278,281,4,0,10,0,0,1,0.540833,0.7275,0.06345,2397,3114,5511
279,282,4,0,10,1,1,1,0.570833,0.73375,0.0423042,1514,3603,5117
280,283,4,0,10,0,2,2,0.566667,0.80875,0.143042,667,3896,4563
281,284,4,0,10,0,3,3,0.543333,0.90625,0.24815,217,2199,2416
282,285,4,0,10,0,4,2,0.589167,0.896667,0.141787,290,2623,2913
283,286,4,0,10,0,5,2,0.550833,0.71625,0.223883,529,3115,3644
284,287,4,0,10,0,6,1,0.506667,0.483333,0.258083,1899,3318,5217
285,288,4,0,10,0,0,1,0.511667,0.486667,0.281717,1748,3293,5041
286,289,4,0,10,0,1,1,0.534167,0.579583,0.175379,713,3857,4570
287,291,4,0,10,0,3,3,0.541739,0.895217,0.243339,254,2170,2424
288,292,4,0,10,0,4,1,0.475833,0.63625,0.422275,471,3724,4195
289,293,4,0,10,0,5,1,0.4275,0.574167,0.221396,676,3628,4304
290,294,4,0,10,0,6,1,0.4225,0.629167,0.0926667,1499,2809,4308
291,295,4,0,10,0,0,1,0.421667,0.74125,0.0995125,1619,2762,4381
292,296,4,0,10,0,1,1,0.463333,0.772083,0.118792,699,3488,4187
293,297,4,0,10,0,2,1,0.471667,0.622917,0.166658,695,3992,4687
294,298,4,0,10,0,3,2,0.484167,0.720417,0.148642,404,3490,3894
295,299,4,0,10,0,4,2,0.47,0.812917,0.197763,240,2419,2659
296,300,4,0,10,0,5,2,0.330833,0.585833,0.229479,456,3291,3747
297,301,4,0,10,0,6,3,0.254167,0.8825,0.351371,57,570,627
298,302,4,0,10,0,0,1,0.319167,0.62375,0.176617,885,2446,3331
299,303,4,0,10,0,1,1,0.34,0.703333,0.10635,362,3307,3669
300,304,4,0,11,0,2,1,0.400833,0.68375,0.135571,410,3658,4068
301,305,4,0,11,0,3,1,0.3775,0.71875,0.0820917,370,3816,4186
302,306,4,0,11,0,4,1,0.408333,0.702083,0.136817,318,3656,3974
303,307,4,0,11,0,5,2,0.403333,0.6225,0.271779,470,3576,4046
304,308,4,0,11,0,6,1,0.326667,0.519167,0.189062,1156,2770,3926
305,309,4,0,11,0,0,1,0.348333,0.734583,0.0920542,952,2697,3649
306,310,4,0,11,0,1,1,0.395,0.75875,0.057225,373,3662,4035
307,311,4,0,11,0,2,1,0.408333,0.721667,0.0690375,376,3829,4205
308,312,4,0,11,0,3,1,0.4,0.758333,0.0621958,305,3804,4109
309,313,4,0,11,0,4,2,0.38,0.813333,0.189067,190,2743,2933
310,314,4,0,11,1,5,1,0.324167,0.44625,0.314675,440,2928,3368
311,315,4,0,11,0,6,1,0.356667,0.552917,0.212062,1275,2792,4067
312,316,4,0,11,0,0,1,0.440833,0.458333,0.281721,1004,2713,3717
313,317,4,0,11,0,1,1,0.53,0.587083,0.306596,595,3891,4486
314,318,4,0,11,0,2,2,0.53,0.68875,0.199633,449,3746,4195
315,319,4,0,11,0,3,3,0.456667,0.93,0.136829,145,1672,1817
316,320,4,0,11,0,4,2,0.341667,0.575833,0.305362,139,2914,3053
317,321,4,0,11,0,5,1,0.274167,0.41,0.168533,245,3147,3392
318,322,4,0,11,0,6,1,0.329167,0.502083,0.224496,943,2720,3663
319,323,4,0,11,0,0,2,0.463333,0.684583,0.18595,787,2733,3520
320,324,4,0,11,0,1,3,0.4475,0.91,0.138054,220,2545,2765
321,325,4,0,11,0,2,3,0.416667,0.9625,0.118792,69,1538,1607
322,326,4,0,11,0,3,2,0.440833,0.757917,0.335825,112,2454,2566
323,327,4,0,11,1,4,1,0.373333,0.549167,0.167304,560,935,1495
324,328,4,0,11,0,5,1,0.375,0.64375,0.0988958,1095,1697,2792
325,329,4,0,11,0,6,1,0.375833,0.681667,0.0684208,1249,1819,3068
326,330,4,0,11,0,0,1,0.459167,0.698333,0.208954,810,2261,3071
327,331,4,0,11,0,1,1,0.503478,0.743043,0.142122,253,3614,3867
328,332,4,0,11,0,2,2,0.458333,0.830833,0.258092,96,2818,2914
329,333,4,0,11,0,3,1,0.325,0.613333,0.271158,188,3425,3613
330,334,4,0,12,0,4,1,0.3125,0.524583,0.220158,182,3545,3727
331,335,4,0,12,0,5,1,0.314167,0.625833,0.100754,268,3672,3940
332,336,4,0,12,0,6,1,0.299167,0.612917,0.0957833,706,2908,3614
333,337,4,0,12,0,0,1,0.330833,0.775833,0.0839583,634,2851,3485
334,338,4,0,12,0,1,2,0.385833,0.827083,0.0622083,233,3578,3811
335,339,4,0,12,0,2,3,0.4625,0.949583,0.232583,126,2468,2594
336,340,4,0,12,0,3,3,0.41,0.970417,0.266175,50,655,705
337,341,4,0,12,0,4,1,0.265833,0.58,0.240058,150,3172,3322
338,342,4,0,12,0,5,1,0.290833,0.695833,0.0827167,261,3359,3620
339,343,4,0,12,0,6,1,0.275,0.5075,0.233221,502,2688,3190
340,344,4,0,12,0,0,1,0.220833,0.49,0.0665417,377,2366,2743
341,345,4,0,12,0,1,1,0.238333,0.670833,0.06345,143,3167,3310
342,346,4,0,12,0,2,1,0.2825,0.59,0.14055,155,3368,3523
343,347,4,0,12,0,3,2,0.3175,0.66375,0.0609583,178,3562,3740
344,348,4,0,12,0,4,2,0.4225,0.634167,0.268042,181,3528,3709
345,349,4,0,12,0,5,2,0.375,0.500417,0.260575,178,3399,3577
346,350,4,0,12,0,6,2,0.258333,0.560833,0.243167,275,2464,2739
347,351,4,0,12,0,0,1,0.238333,0.58625,0.169779,220,2211,2431
348,352,4,0,12,0,1,1,0.276667,0.6375,0.172896,260,3143,3403
349,353,4,0,12,0,2,2,0.385833,0.595417,0.0615708,216,3534,3750
350,354,1,0,12,0,3,2,0.428333,0.858333,0.2214,107,2553,2660
351,355,1,0,12,0,4,2,0.423333,0.7575,0.047275,227,2841,3068
352,356,1,0,12,0,5,1,0.373333,0.68625,0.274246,163,2046,2209
353,357,1,0,12,0,6,1,0.3025,0.5425,0.190304,155,856,1011
354,358,1,0,12,0,0,1,0.274783,0.681304,0.155091,303,451,754
355,359,1,0,12,1,1,1,0.321739,0.506957,0.239465,430,887,1317
356,360,1,0,12,0,2,2,0.325,0.7625,0.18845,103,1059,1162
357,361,1,0,12,0,3,1,0.29913,0.503913,0.293961,255,2047,2302
358,362,1,0,12,0,4,1,0.248333,0.574167,0.119412,254,2169,2423
359,363,1,0,12,0,5,1,0.311667,0.636667,0.134337,491,2508,2999
360,364,1,0,12,0,6,1,0.41,0.615833,0.220154,665,1820,2485
361,365,1,1,1,0,0,1,0.37,0.6925,0.192167,686,1608,2294
362,366,1,1,1,1,1,1,0.273043,0.381304,0.329665,244,1707,1951
363,367,1,1,1,0,2,1,0.15,0.44125,0.365671,89,2147,2236
364,368,1,1,1,0,3,2,0.1075,0.414583,0.1847,95,2273,2368
365,369,1,1,1,0,4,1,0.265833,0.524167,0.129987,140,3132,3272
366,370,1,1,1,0,5,1,0.334167,0.542083,0.167908,307,3791,4098
367,371,1,1,1,0,6,1,0.393333,0.531667,0.174758,1070,3451,4521
368,372,1,1,1,0,0,1,0.3375,0.465,0.191542,599,2826,3425
369,373,1,1,1,0,1,2,0.224167,0.701667,0.0989,106,2270,2376
370,374,1,1,1,0,2,1,0.308696,0.646522,0.187552,173,3425,3598
371,375,1,1,1,0,3,2,0.274167,0.8475,0.131221,92,2085,2177
372,376,1,1,1,0,4,2,0.3825,0.802917,0.180967,269,3828,4097
373,377,1,1,1,0,5,1,0.274167,0.5075,0.378108,174,3040,3214
374,378,1,1,1,0,6,1,0.18,0.4575,0.187183,333,2160,2493
375,379,1,1,1,0,0,1,0.166667,0.419167,0.251258,284,2027,2311
376,381,1,1,1,0,2,2,0.373043,0.716087,0.34913,127,2808,2935
377,382,1,1,1,0,3,1,0.303333,0.443333,0.415429,109,3267,3376
378,383,1,1,1,0,4,1,0.19,0.4975,0.220158,130,3162,3292
379,384,1,1,1,0,5,2,0.2175,0.45,0.20275,115,3048,3163
380,385,1,1,1,0,6,2,0.173333,0.83125,0.222642,67,1234,1301
381,386,1,1,1,0,0,2,0.1625,0.79625,0.199638,196,1781,1977
382,387,1,1,1,0,1,2,0.218333,0.91125,0.110708,145,2287,2432
383,388,1,1,1,0,2,1,0.3425,0.835833,0.123767,439,3900,4339
384,389,1,1,1,0,3,1,0.294167,0.64375,0.161071,467,3803,4270
385,390,1,1,1,0,4,2,0.341667,0.769583,0.0733958,244,3831,4075
386,391,1,1,1,0,5,2,0.425,0.74125,0.342667,269,3187,3456
387,392,1,1,1,0,6,1,0.315833,0.543333,0.210829,775,3248,4023
388,393,1,1,1,0,0,1,0.2825,0.31125,0.24005,558,2685,3243
389,394,1,1,1,0,1,1,0.269167,0.400833,0.215792,126,3498,3624
390,395,1,1,1,0,2,1,0.39,0.416667,0.261817,324,4185,4509
391,396,1,1,2,0,3,1,0.469167,0.507917,0.189067,304,4275,4579
392,397,1,1,2,0,4,2,0.399167,0.672917,0.187187,190,3571,3761
393,398,1,1,2,0,5,1,0.313333,0.526667,0.178496,310,3841,4151
394,399,1,1,2,0,6,2,0.264167,0.779583,0.121896,384,2448,2832
395,400,1,1,2,0,0,2,0.265833,0.687917,0.175996,318,2629,2947
396,401,1,1,2,0,1,1,0.282609,0.622174,0.1538,206,3578,3784
397,402,1,1,2,0,2,1,0.354167,0.49625,0.147379,199,4176,4375
398,403,1,1,2,0,3,2,0.256667,0.722917,0.133721,109,2693,2802
399,404,1,1,2,0,4,1,0.265,0.562083,0.194037,163,3667,3830
400,406,1,1,2,0,6,3,0.224167,0.73125,0.289796,192,1977,2169
401,407,1,1,2,0,0,1,0.1275,0.464583,0.409212,73,1456,1529
402,408,1,1,2,0,1,1,0.2225,0.41125,0.167283,94,3328,3422
403,409,1,1,2,0,2,2,0.319167,0.50875,0.141179,135,3787,3922
404,410,1,1,2,0,3,1,0.348333,0.53125,0.1816,141,4028,4169
405,411,1,1,2,0,4,2,0.316667,0.752917,0.091425,74,2931,3005
406,412,1,1,2,0,5,1,0.343333,0.634583,0.205846,349,3805,4154
407,413,1,1,2,0,6,1,0.346667,0.534583,0.190929,1435,2883,4318
408,414,1,1,2,0,0,2,0.28,0.515833,0.253112,618,2071,2689
409,415,1,1,2,1,1,1,0.28,0.507826,0.229083,502,2627,3129
410,416,1,1,2,0,2,1,0.287826,0.594348,0.205717,163,3614,3777
411,417,1,1,2,0,3,1,0.395833,0.567917,0.234471,394,4379,4773
412,419,1,1,2,0,5,2,0.4075,0.7375,0.237567,246,3241,3487
413,420,1,1,2,0,6,1,0.290833,0.395833,0.421642,317,2415,2732
414,421,1,1,2,0,0,1,0.279167,0.41,0.205229,515,2874,3389
415,422,1,1,2,0,1,1,0.366667,0.490833,0.268033,253,4069,4322
416,423,1,1,2,0,2,1,0.359167,0.395833,0.193417,229,4134,4363
417,424,1,1,2,0,3,2,0.344348,0.804783,0.179117,65,1769,1834
418,425,1,1,3,0,4,1,0.485833,0.615417,0.226987,325,4665,4990
419,426,1,1,3,0,5,2,0.353333,0.657083,0.144904,246,2948,3194
420,427,1,1,3,0,6,2,0.414167,0.62125,0.161079,956,3110,4066
421,428,1,1,3,0,0,1,0.325833,0.403333,0.334571,710,2713,3423
422,429,1,1,3,0,1,1,0.243333,0.50625,0.228858,203,3130,3333
423,432,1,1,3,0,4,1,0.5275,0.5675,0.441563,486,4896,5382
424,433,1,1,3,0,5,2,0.410833,0.407083,0.4148,447,4122,4569
425,434,1,1,3,0,6,1,0.2875,0.350417,0.22575,968,3150,4118
426,435,1,1,3,0,0,1,0.361739,0.476957,0.222587,1658,3253,4911
427,436,1,1,3,0,1,1,0.466667,0.489167,0.207713,838,4460,5298
428,437,1,1,3,0,2,1,0.565,0.6175,0.23695,762,5085,5847
429,438,1,1,3,0,3,1,0.5725,0.507083,0.115062,997,5315,6312
430,439,1,1,3,0,4,1,0.5575,0.579583,0.149883,1005,5187,6192
431,440,1,1,3,0,5,2,0.435833,0.842083,0.113192,548,3830,4378
432,441,1,1,3,0,6,2,0.514167,0.755833,0.110704,3155,4681,7836
433,442,1,1,3,0,0,2,0.4725,0.81,0.126883,2207,3685,5892
434,443,1,1,3,0,1,1,0.545,0.72875,0.162317,982,5171,6153
435,444,1,1,3,0,2,1,0.560833,0.807917,0.121271,1051,5042,6093
436,445,2,1,3,0,3,2,0.531667,0.82125,0.0895583,1122,5108,6230
437,446,2,1,3,0,4,1,0.554167,0.83125,0.117562,1334,5537,6871
438,447,2,1,3,0,5,2,0.601667,0.694167,0.1163,2469,5893,8362
439,448,2,1,3,0,6,2,0.5025,0.885417,0.192783,1033,2339,3372
440,449,2,1,3,0,0,2,0.4375,0.880833,0.220775,1532,3464,4996
441,450,2,1,3,0,1,1,0.445833,0.477917,0.386821,795,4763,5558
442,452,2,1,3,0,3,1,0.484167,0.48125,0.291671,674,5024,5698
443,453,2,1,3,0,4,1,0.494167,0.439167,0.31965,834,5299,6133
444,454,2,1,3,0,5,2,0.37,0.580833,0.138067,796,4663,5459
445,455,2,1,3,0,6,2,0.424167,0.738333,0.250617,2301,3934,6235
446,456,2,1,4,0,0,2,0.425833,0.67625,0.172267,2347,3694,6041
447,457,2,1,4,0,1,1,0.433913,0.504348,0.312139,1208,4728,5936
448,458,2,1,4,0,2,1,0.466667,0.396667,0.100133,1348,5424,6772
449,459,2,1,4,0,3,1,0.541667,0.469583,0.180975,1058,5378,6436
450,460,2,1,4,0,4,1,0.435,0.374167,0.219529,1192,5265,6457
451,461,2,1,4,0,5,1,0.403333,0.377083,0.300388,1807,4653,6460
452,464,2,1,4,0,1,1,0.489167,0.3175,0.358196,905,4680,5585
453,465,2,1,4,0,2,1,0.446667,0.435,0.249375,819,5099,5918
454,466,2,1,4,0,3,1,0.348696,0.469565,0.295274,482,4380,4862
455,467,2,1,4,0,4,1,0.3975,0.46625,0.290429,663,4746,5409
456,468,2,1,4,0,5,1,0.4425,0.408333,0.155471,1252,5146,6398
457,469,2,1,4,0,6,1,0.495,0.502917,0.190917,2795,4665,7460
458,470,2,1,4,0,0,1,0.606667,0.507917,0.225129,2846,4286,7132
459,471,2,1,4,1,1,1,0.664167,0.561667,0.284829,1198,5172,6370
460,472,2,1,4,0,2,1,0.608333,0.390417,0.273629,989,5702,6691
461,473,2,1,4,0,3,2,0.463333,0.569167,0.167912,347,4020,4367
462,474,2,1,4,0,4,1,0.498333,0.6125,0.0659292,846,5719,6565
463,475,2,1,4,0,5,1,0.526667,0.694583,0.149871,1340,5950,7290
464,476,2,1,4,0,6,1,0.57,0.682917,0.283587,2541,4083,6624
465,477,2,1,4,0,0,3,0.396667,0.835417,0.344546,120,907,1027
466,478,2,1,4,0,1,2,0.321667,0.766667,0.303496,195,3019,3214
467,479,2,1,4,0,2,1,0.413333,0.454167,0.249383,518,5115,5633
468,480,2,1,4,0,3,1,0.476667,0.427917,0.118792,655,5541,6196
469,481,2,1,4,0,4,2,0.498333,0.756667,0.176625,475,4551,5026
470,482,2,1,4,0,5,1,0.4575,0.400833,0.347633,1014,5219,6233
471,483,2,1,4,0,6,2,0.376667,0.489583,0.129975,1120,3100,4220
472,484,2,1,4,0,0,1,0.458333,0.587083,0.116908,2229,4075,6304
473,485,2,1,4,0,1,2,0.464167,0.57,0.171638,665,4907,5572
474,486,2,1,5,0,2,2,0.613333,0.659583,0.156096,653,5087,5740
475,487,2,1,5,0,3,1,0.564167,0.797083,0.138058,667,5502,6169
476,488,2,1,5,0,4,2,0.56,0.768333,0.133696,764,5657,6421
477,489,2,1,5,0,5,1,0.6275,0.735417,0.162938,1069,5227,6296
478,490,2,1,5,0,6,2,0.621667,0.756667,0.152992,2496,4387,6883
479,491,2,1,5,0,0,2,0.5625,0.74,0.149879,2135,4224,6359
480,492,2,1,5,0,1,2,0.5375,0.664167,0.230721,1008,5265,6273
481,493,2,1,5,0,2,2,0.581667,0.685833,0.296029,738,4990,5728
482,494,2,1,5,0,3,2,0.575,0.744167,0.216412,620,4097,4717
483,495,2,1,5,0,4,1,0.505833,0.552083,0.314063,1026,5546,6572
484,496,2,1,5,0,5,1,0.533333,0.360417,0.236937,1319,5711,7030
485,497,2,1,5,0,6,1,0.564167,0.480417,0.123133,2622,4807,7429
486,498,2,1,5,0,0,1,0.6125,0.57625,0.225117,2172,3946,6118
487,499,2,1,5,0,1,2,0.573333,0.789583,0.212692,342,2501,2843
488,500,2,1,5,0,2,2,0.611667,0.794583,0.147392,625,4490,5115
489,501,2,1,5,0,3,1,0.636667,0.697917,0.122512,991,6433,7424
490,502,2,1,5,0,4,1,0.593333,0.52,0.229475,1242,6142,7384
491,503,2,1,5,0,5,1,0.564167,0.523333,0.136817,1521,6118,7639
492,504,2,1,5,0,6,1,0.6,0.45625,0.083975,3410,4884,8294
493,505,2,1,5,0,0,1,0.620833,0.530417,0.254367,2704,4425,7129
494,506,2,1,5,0,1,2,0.598333,0.81125,0.233204,630,3729,4359
495,507,2,1,5,0,2,2,0.615,0.765833,0.118167,819,5254,6073
496,508,2,1,5,0,3,2,0.621667,0.774583,0.102,766,4494,5260
497,509,2,1,5,0,4,1,0.655,0.716667,0.172896,1059,5711,6770
498,510,2,1,5,0,5,1,0.68,0.747083,0.14055,1417,5317,6734
499,511,2,1,5,0,6,1,0.6925,0.7325,0.198992,2855,3681,6536
500,512,2,1,5,0,0,1,0.69,0.697083,0.215171,3283,3308,6591
501,513,2,1,5,1,1,1,0.7125,0.67625,0.196521,2557,3486,6043
502,514,2,1,5,0,2,1,0.7225,0.684583,0.2954,880,4863,5743
503,515,2,1,5,0,3,2,0.656667,0.67,0.134329,745,6110,6855
504,516,2,1,5,0,4,1,0.68,0.492917,0.195279,1100,6238,7338
505,517,2,1,6,0,5,2,0.654167,0.755417,0.237563,533,3594,4127
506,518,2,1,6,0,6,1,0.583333,0.549167,0.186562,2795,5325,8120
507,519,2,1,6,0,0,1,0.6025,0.493333,0.184087,2494,5147,7641
508,520,2,1,6,0,1,1,0.5975,0.487083,0.284833,1071,5927,6998
509,521,2,1,6,0,2,2,0.540833,0.613333,0.209575,968,6033,7001
510,522,2,1,6,0,3,1,0.554167,0.61125,0.077125,1027,6028,7055
511,523,2,1,6,0,4,1,0.6025,0.567083,0.15735,1038,6456,7494
512,524,2,1,6,0,5,1,0.649167,0.467917,0.175383,1488,6248,7736
513,525,2,1,6,0,6,1,0.710833,0.437083,0.144287,2708,4790,7498
514,526,2,1,6,0,0,1,0.726667,0.538333,0.133721,2224,4374,6598
515,527,2,1,6,0,1,2,0.720833,0.587917,0.207713,1017,5647,6664
516,528,2,1,6,0,2,2,0.653333,0.833333,0.214546,477,4495,4972
517,529,2,1,6,0,3,1,0.655833,0.582083,0.343279,1173,6248,7421
518,530,2,1,6,0,4,1,0.648333,0.569583,0.253733,1180,6183,7363
519,531,2,1,6,0,5,1,0.639167,0.589583,0.176617,1563,6102,7665
520,532,2,1,6,0,6,1,0.631667,0.504167,0.166667,2963,4739,7702
521,533,2,1,6,0,0,1,0.5925,0.59875,0.144904,2634,4344,6978
522,534,2,1,6,0,1,2,0.568333,0.777917,0.174746,653,4446,5099
523,535,2,1,6,0,2,1,0.688333,0.69,0.148017,968,5857,6825
524,536,2,1,6,0,3,1,0.7825,0.592083,0.113812,872,5339,6211
525,537,3,1,6,0,4,1,0.805833,0.567917,0.118787,778,5127,5905
526,538,3,1,6,0,5,1,0.7775,0.57375,0.182842,964,4859,5823
527,539,3,1,6,0,6,1,0.731667,0.534583,0.179721,2657,4801,7458
528,540,3,1,6,0,0,1,0.743333,0.479167,0.145525,2551,4340,6891
529,541,3,1,6,0,1,1,0.715833,0.504167,0.300383,1139,5640,6779
530,542,3,1,6,0,2,1,0.630833,0.373333,0.347642,1077,6365,7442
531,543,3,1,6,0,3,1,0.6975,0.36,0.271775,1077,6258,7335
532,544,3,1,6,0,4,1,0.749167,0.4225,0.17165,921,5958,6879
533,545,3,1,6,0,5,1,0.834167,0.48875,0.165417,829,4634,5463
534,546,3,1,6,0,6,1,0.765,0.60125,0.161071,1455,4232,5687
535,547,3,1,7,0,0,1,0.815833,0.51875,0.168529,1421,4110,5531
536,548,3,1,7,0,1,1,0.781667,0.447083,0.195267,904,5323,6227
537,549,3,1,7,0,2,1,0.780833,0.492083,0.126237,1052,5608,6660
538,550,3,1,7,1,3,1,0.789167,0.53875,0.13495,2562,4841,7403
539,551,3,1,7,0,4,1,0.8275,0.457917,0.194029,1405,4836,6241
540,552,3,1,7,0,5,1,0.828333,0.450833,0.146142,1366,4841,6207
541,553,3,1,7,0,6,1,0.861667,0.492083,0.163554,1448,3392,4840
542,554,3,1,7,0,0,1,0.8225,0.57375,0.125629,1203,3469,4672
543,555,3,1,7,0,1,2,0.710833,0.683333,0.180975,998,5571,6569
544,556,3,1,7,0,2,2,0.720833,0.6675,0.151737,954,5336,6290
545,557,3,1,7,0,3,1,0.716667,0.633333,0.151733,975,6289,7264
546,558,3,1,7,0,4,1,0.715833,0.529583,0.146775,1032,6414,7446
547,559,3,1,7,0,5,2,0.731667,0.485833,0.08085,1511,5988,7499
548,560,3,1,7,0,6,2,0.703333,0.699167,0.143679,2355,4614,6969
549,561,3,1,7,0,0,1,0.745833,0.717917,0.166667,1920,4111,6031
550,562,3,1,7,0,1,1,0.763333,0.645,0.164187,1088,5742,6830
551,563,3,1,7,0,2,1,0.818333,0.505833,0.114429,921,5865,6786
552,564,3,1,7,0,3,1,0.793333,0.577083,0.137442,799,4914,5713
553,565,3,1,7,0,4,1,0.77,0.600417,0.165429,888,5703,6591
554,566,3,1,7,0,5,2,0.665833,0.844167,0.208967,747,5123,5870
555,567,3,1,7,0,6,3,0.595833,0.865417,0.2133,1264,3195,4459
556,568,3,1,7,0,0,2,0.6675,0.7625,0.0939208,2544,4866,7410
557,569,3,1,7,0,1,1,0.741667,0.694167,0.138683,1135,5831,6966
558,570,3,1,7,0,2,1,0.750833,0.655,0.211454,1140,6452,7592
559,571,3,1,7,0,3,1,0.724167,0.45,0.1648,1383,6790,8173
560,572,3,1,7,0,4,1,0.776667,0.596667,0.284813,1036,5825,6861
561,573,3,1,7,0,5,1,0.781667,0.594583,0.152992,1259,5645,6904
562,574,3,1,7,0,6,1,0.755833,0.613333,0.15735,2234,4451,6685
563,575,3,1,7,0,0,1,0.721667,0.62375,0.170396,2153,4444,6597
564,576,3,1,7,0,1,1,0.730833,0.66875,0.153617,1040,6065,7105
565,577,3,1,7,0,2,1,0.713333,0.704167,0.165425,968,6248,7216
566,578,3,1,8,0,3,1,0.7175,0.6775,0.141179,1074,6506,7580
567,579,3,1,8,0,4,1,0.7525,0.659583,0.129354,983,6278,7261
568,580,3,1,8,0,5,2,0.765833,0.6425,0.215792,1328,5847,7175
569,581,3,1,8,0,6,1,0.793333,0.613333,0.257458,2345,4479,6824
570,582,3,1,8,0,0,1,0.769167,0.6525,0.290421,1707,3757,5464
571,583,3,1,8,0,1,2,0.7525,0.654167,0.129354,1233,5780,7013
572,584,3,1,8,0,2,2,0.735833,0.70375,0.116908,1278,5995,7273
573,585,3,1,8,0,3,2,0.75,0.672917,0.1107,1263,6271,7534
574,586,3,1,8,0,4,1,0.755833,0.620417,0.1561,1196,6090,7286
575,587,3,1,8,0,5,2,0.715833,0.715833,0.238813,1065,4721,5786
576,588,3,1,8,0,6,2,0.6925,0.732917,0.206479,2247,4052,6299
577,589,3,1,8,0,0,1,0.700833,0.530417,0.122512,2182,4362,6544
578,590,3,1,8,0,1,1,0.720833,0.545417,0.136212,1207,5676,6883
579,591,3,1,8,0,2,1,0.726667,0.686667,0.169158,1128,5656,6784
580,592,3,1,8,0,3,1,0.706667,0.619583,0.169771,1198,6149,7347
581,593,3,1,8,0,4,1,0.719167,0.519167,0.141796,1338,6267,7605
582,594,3,1,8,0,5,1,0.723333,0.570833,0.231354,1483,5665,7148
583,595,3,1,8,0,6,1,0.678333,0.603333,0.177867,2827,5038,7865
584,596,3,1,8,0,0,2,0.635833,0.711667,0.08645,1208,3341,4549
585,597,3,1,8,0,1,2,0.635833,0.734167,0.129979,1026,5504,6530
586,598,3,1,8,0,2,1,0.649167,0.67375,0.0727708,1081,5925,7006
587,599,3,1,8,0,3,1,0.6675,0.677083,0.0702833,1094,6281,7375
588,600,3,1,8,0,4,1,0.695833,0.635833,0.0845958,1363,6402,7765
589,601,3,1,8,0,5,2,0.7025,0.615,0.0721458,1325,6257,7582
590,602,3,1,8,0,6,2,0.661667,0.712917,0.244408,1829,4224,6053
591,603,3,1,8,0,0,2,0.653333,0.845833,0.228858,1483,3772,5255
592,604,3,1,8,0,1,1,0.703333,0.730417,0.128733,989,5928,6917
593,605,3,1,8,0,2,1,0.728333,0.62,0.190925,935,6105,7040
594,606,3,1,8,0,3,1,0.685,0.552083,0.112562,1177,6520,7697
595,607,3,1,8,0,4,1,0.706667,0.590417,0.0771167,1172,6541,7713
596,608,3,1,8,0,5,1,0.764167,0.5875,0.168533,1433,5917,7350
597,609,3,1,9,0,6,2,0.753333,0.638333,0.113187,2352,3788,6140
598,610,3,1,9,0,0,2,0.696667,0.815,0.0640708,2613,3197,5810
599,611,3,1,9,1,1,1,0.7075,0.790833,0.151121,1965,4069,6034
600,612,3,1,9,0,2,1,0.725833,0.755,0.236321,867,5997,6864
601,613,3,1,9,0,3,1,0.736667,0.74125,0.187808,832,6280,7112
602,614,3,1,9,0,4,2,0.696667,0.810417,0.142421,611,5592,6203
603,615,3,1,9,0,5,1,0.703333,0.73625,0.171646,1045,6459,7504
604,616,3,1,9,0,6,2,0.659167,0.799167,0.281104,1557,4419,5976
605,617,3,1,9,0,0,1,0.61,0.5475,0.224496,2570,5657,8227
606,618,3,1,9,0,1,1,0.583333,0.50375,0.258713,1118,6407,7525
607,619,3,1,9,0,2,1,0.5775,0.52,0.0920542,1070,6697,7767
608,620,3,1,9,0,3,1,0.599167,0.577083,0.131846,1050,6820,7870
609,621,3,1,9,0,4,1,0.6125,0.637083,0.0827208,1054,6750,7804
610,622,3,1,9,0,5,1,0.633333,0.6725,0.103863,1379,6630,8009
611,623,3,1,9,0,6,1,0.608333,0.501667,0.247521,3160,5554,8714
612,624,3,1,9,0,0,1,0.58,0.57,0.0901833,2166,5167,7333
613,625,3,1,9,0,1,2,0.580833,0.734583,0.151742,1022,5847,6869
614,626,3,1,9,0,2,2,0.623333,0.8725,0.357587,371,3702,4073
615,627,3,1,9,0,3,1,0.5525,0.536667,0.215175,788,6803,7591
616,628,3,1,9,0,4,1,0.546667,0.618333,0.118167,939,6781,7720
617,629,3,1,9,0,5,1,0.599167,0.66875,0.154229,1250,6917,8167
618,630,3,1,9,0,6,1,0.65,0.646667,0.283583,2512,5883,8395
619,631,4,1,9,0,0,1,0.529167,0.467083,0.223258,2454,5453,7907
620,632,4,1,9,0,1,1,0.514167,0.492917,0.142404,1001,6435,7436
621,633,4,1,9,0,2,1,0.55,0.57,0.236321,845,6693,7538
622,634,4,1,9,0,3,1,0.635,0.630833,0.2444,787,6946,7733
623,635,4,1,9,0,4,2,0.65,0.690833,0.134342,751,6642,7393
624,636,4,1,9,0,5,2,0.619167,0.69,0.164179,1045,6370,7415
625,637,4,1,9,0,6,1,0.5425,0.542917,0.227604,2589,5966,8555
626,638,4,1,9,0,0,1,0.526667,0.583333,0.134958,2015,4874,6889
627,639,4,1,10,0,1,2,0.520833,0.649167,0.0908042,763,6015,6778
628,640,4,1,10,0,2,3,0.590833,0.871667,0.104475,315,4324,4639
629,641,4,1,10,0,3,2,0.6575,0.79375,0.0665458,728,6844,7572
630,642,4,1,10,0,4,2,0.6575,0.722917,0.117546,891,6437,7328
631,643,4,1,10,0,5,1,0.615,0.6275,0.10635,1516,6640,8156
632,644,4,1,10,0,6,1,0.554167,0.664167,0.268025,3031,4934,7965
633,645,4,1,10,0,0,2,0.415833,0.708333,0.141162,781,2729,3510
634,646,4,1,10,1,1,2,0.383333,0.709583,0.189679,874,4604,5478
635,647,4,1,10,0,2,2,0.446667,0.761667,0.1903,601,5791,6392
636,648,4,1,10,0,3,1,0.514167,0.630833,0.187821,780,6911,7691
637,649,4,1,10,0,4,1,0.435,0.463333,0.181596,834,6736,7570
638,650,4,1,10,0,5,1,0.4375,0.539167,0.235092,1060,6222,7282
639,651,4,1,10,0,6,1,0.393333,0.494583,0.146142,2252,4857,7109
640,652,4,1,10,0,0,1,0.521667,0.640417,0.278612,2080,4559,6639
641,653,4,1,10,0,1,2,0.561667,0.7075,0.296037,760,5115,5875
642,654,4,1,10,0,2,1,0.468333,0.558333,0.182221,922,6612,7534
643,655,4,1,10,0,3,1,0.455833,0.692917,0.101371,979,6482,7461
644,656,4,1,10,0,4,2,0.5225,0.728333,0.236937,1008,6501,7509
645,657,4,1,10,0,5,2,0.563333,0.815,0.134954,753,4671,5424
646,658,4,1,10,0,6,1,0.484167,0.572917,0.117537,2806,5284,8090
647,659,4,1,10,0,0,1,0.464167,0.51,0.166054,2132,4692,6824
648,660,4,1,10,0,1,1,0.4875,0.568333,0.0814833,830,6228,7058
649,661,4,1,10,0,2,1,0.544167,0.641667,0.0945458,841,6625,7466
650,662,4,1,10,0,3,1,0.5875,0.63625,0.0727792,795,6898,7693
651,663,4,1,10,0,4,2,0.55,0.800417,0.124375,875,6484,7359
652,664,4,1,10,0,5,2,0.545833,0.807083,0.132467,1182,6262,7444
653,665,4,1,10,0,6,2,0.53,0.72,0.235692,2643,5209,7852
654,666,4,1,10,0,0,2,0.4775,0.694583,0.398008,998,3461,4459
655,667,4,1,10,0,1,3,0.44,0.88,0.3582,2,20,22
656,668,4,1,10,0,2,2,0.318182,0.825455,0.213009,87,1009,1096
657,669,4,1,10,0,3,2,0.3575,0.666667,0.166667,419,5147,5566
658,670,4,1,11,0,4,2,0.365833,0.581667,0.157346,466,5520,5986
659,671,4,1,11,0,5,1,0.355,0.522083,0.266175,618,5229,5847
660,672,4,1,11,0,6,2,0.343333,0.49125,0.270529,1029,4109,5138
661,673,4,1,11,0,0,1,0.325833,0.532917,0.179108,1201,3906,5107
662,674,4,1,11,0,1,1,0.319167,0.494167,0.236325,378,4881,5259
663,675,4,1,11,0,2,1,0.280833,0.567083,0.173513,466,5220,5686
664,676,4,1,11,0,3,2,0.295833,0.5475,0.304108,326,4709,5035
665,677,4,1,11,0,4,1,0.352174,0.333478,0.347835,340,4975,5315
666,678,4,1,11,0,5,1,0.361667,0.540833,0.214558,709,5283,5992
667,679,4,1,11,0,6,1,0.389167,0.645417,0.0578458,2090,4446,6536
668,680,4,1,11,0,0,1,0.420833,0.659167,0.1275,2290,4562,6852
669,681,4,1,11,1,1,1,0.485,0.741667,0.173517,1097,5172,6269
670,682,4,1,11,0,2,2,0.343333,0.662917,0.342046,327,3767,4094
671,683,4,1,11,0,3,1,0.289167,0.552083,0.199625,373,5122,5495
672,684,4,1,11,0,4,2,0.321667,0.620417,0.152987,320,5125,5445
673,685,4,1,11,0,5,1,0.345,0.524583,0.171025,484,5214,5698
674,686,4,1,11,0,6,1,0.325,0.545417,0.179729,1313,4316,5629
675,687,4,1,11,0,0,1,0.3425,0.692917,0.227612,922,3747,4669
676,688,4,1,11,0,1,2,0.380833,0.623333,0.235067,449,5050,5499
677,689,4,1,11,0,2,2,0.374167,0.685,0.082725,534,5100,5634
678,690,4,1,11,0,3,1,0.353333,0.61375,0.103246,615,4531,5146
679,691,4,1,11,1,4,1,0.34,0.580417,0.0528708,955,1470,2425
680,692,4,1,11,0,5,1,0.368333,0.56875,0.148021,1603,2307,3910
681,693,4,1,11,0,6,1,0.278333,0.404583,0.376871,532,1745,2277
682,694,4,1,11,0,0,1,0.245833,0.468333,0.1505,309,2115,2424
683,695,4,1,11,0,1,1,0.313333,0.535417,0.04665,337,4750,5087
684,696,4,1,11,0,2,2,0.291667,0.786667,0.237562,123,3836,3959
685,697,4,1,11,0,3,1,0.296667,0.50625,0.210821,198,5062,5260
686,698,4,1,11,0,4,1,0.28087,0.555652,0.115522,243,5080,5323
687,699,4,1,11,0,5,1,0.298333,0.649583,0.0584708,362,5306,5668
688,700,4,1,12,0,6,2,0.298333,0.806667,0.0597042,951,4240,5191
689,701,4,1,12,0,0,2,0.3475,0.823333,0.124379,892,3757,4649
690,702,4,1,12,0,1,1,0.4525,0.7675,0.0827208,555,5679,6234
691,703,4,1,12,0,2,1,0.475833,0.73375,0.174129,551,6055,6606
692,704,4,1,12,0,3,1,0.438333,0.485,0.324021,331,5398,5729
693,705,4,1,12,0,4,1,0.255833,0.50875,0.174754,340,5035,5375
694,706,4,1,12,0,5,2,0.320833,0.764167,0.1306,349,4659,5008
695,707,4,1,12,0,6,2,0.381667,0.91125,0.101379,1153,4429,5582
696,708,4,1,12,0,0,2,0.384167,0.905417,0.157975,441,2787,3228
697,709,4,1,12,0,1,2,0.435833,0.925,0.190308,329,4841,5170
698,710,4,1,12,0,2,2,0.353333,0.596667,0.296037,282,5219,5501
699,711,4,1,12,0,3,2,0.2975,0.538333,0.162937,310,5009,5319
700,712,4,1,12,0,4,1,0.295833,0.485833,0.174129,425,5107,5532
701,713,4,1,12,0,5,1,0.281667,0.642917,0.131229,429,5182,5611
702,714,4,1,12,0,6,1,0.324167,0.650417,0.10635,767,4280,5047
703,715,4,1,12,0,0,2,0.3625,0.83875,0.100742,538,3248,3786
704,717,4,1,12,0,2,1,0.410833,0.66625,0.221404,433,5124,5557
705,718,4,1,12,0,3,1,0.3325,0.625417,0.184092,333,4934,5267
706,719,4,1,12,0,4,2,0.33,0.667917,0.132463,314,3814,4128
707,720,1,1,12,0,5,2,0.326667,0.556667,0.374383,221,3402,3623
708,721,1,1,12,0,6,1,0.265833,0.44125,0.407346,205,1544,1749
709,722,1,1,12,0,0,1,0.245833,0.515417,0.133083,408,1379,1787
710,723,1,1,12,0,1,2,0.231304,0.791304,0.0772304,174,746,920
711,724,1,1,12,1,2,2,0.291304,0.734783,0.168726,440,573,1013
712,725,1,1,12,0,3,3,0.243333,0.823333,0.316546,9,432,441
713,726,1,1,12,0,4,2,0.254167,0.652917,0.350133,247,1867,2114
714,727,1,1,12,0,5,2,0.253333,0.59,0.155471,644,2451,3095
715,728,1,1,12,0,6,2,0.253333,0.752917,0.124383,159,1182,1341
716,729,1,1,12,0,0,1,0.255833,0.483333,0.350754,364,1432,1796
717,730,1,1,12,0,1,2,0.215833,0.5775,0.154846,439,2290,2729
